[npropylooh]npropylooh=>npropyloxy+OH-->[npropyloxy],
[npropylooh]npropylooh=>npropyloxy+OH-->[npropyloxy]npropyloxy=>C2H5+CH2O-->[C2H5]CH3CH2OO+C3H8=>CH3CH2OOH+ipropyl-->[CH3CH2OOH]CH3CH2OOH=>ethoxy+OH-->[ethoxy],
[npropylooh]npropylooh=>npropyloxy+OH-->[npropyloxy]npropyloxy=>C2H5+CH2O-->[C2H5]CH3CH2OO=>C2H4+HO2-->[C2H4]C2H4+OH=>CH2CH2OH-->[CH2CH2OH]O2C2H4OH=>OH+CH2O+CH2O-->[CH2O],
[npropylooh]npropylooh=>npropyloxy+OH-->[npropyloxy]npropyloxy=>C2H5+CH2O-->[C2H5]C2H5+O2=>C2H4+HO2-->[C2H4]C2H4+OH=>CH2CH2OH-->[CH2CH2OH]O2C2H4OH=>OH+CH2O+CH2O-->[CH2O],
[npropylooh]npropylooh=>npropyloxy+OH-->[npropyloxy]npropyloxy=>C2H5+CH2O-->[C2H5]CH3CH2OO+C3H8=>CH3CH2OOH+npropyl-->[npropyl]well_1=>OH+prod_1-->[prod_1],
[npropylooh]npropylooh=>npropyloxy+OH-->[npropyloxy]npropyloxy=>C2H5+CH2O-->[C2H5]CH3CH2OO+C3H8=>CH3CH2OOH+npropyl-->[npropyl]well_1=>OH+prod_1-->[prod_1]prod_1=>frag_1+OH-->[frag_1],
[npropylooh]npropylooh=>npropyloxy+OH-->[npropyloxy]npropyloxy=>C2H5+CH2O-->[C2H5]CH3CH2OO+C3H8=>CH3CH2OOH+npropyl-->[npropyl]well_1=>OH+prod_1-->[prod_1]prod_1=>frag_1+OH-->[frag_1]frag_1=>vinoxy+CH2O-->[vinoxy]vinoxy+O2=>CH2O+CO+OH-->[CO],
[npropylooh]npropylooh=>npropyloxy+OH-->[npropyloxy]npropyloxy=>C2H5+CH2O-->[CH2O]CH3OO+CH2O=>CH3OOH+HCO-->[CH3OOH]CH3OOH=>CH3O+OH-->[CH3O],
[npropylooh]npropylooh=>npropyloxy+OH-->[npropyloxy]npropyloxy=>C2H5+CH2O-->[C2H5]CH3CH2OO+C3H8=>CH3CH2OOH+npropyl-->[CH3CH2OOH]CH3CH2OOH=>ethoxy+OH-->[ethoxy],
[npropylooh]npropylooh=>npropyloxy+OH-->[npropyloxy]npropyloxy=>C2H5+CH2O-->[CH2O]CH3CH2OO+CH2O=>CH3CH2OOH+HCO-->[CH3CH2OOH]CH3CH2OOH=>ethoxy+OH-->[ethoxy],
[npropylooh]npropylooh=>npropyloxy+OH-->[npropyloxy]npropyloxy=>C2H5+CH2O-->[CH2O]ipropyloo+CH2O=>ipropylooh+HCO-->[ipropylooh]ipropylooh=>ipropyloxy+OH-->[ipropyloxy],
[npropylooh]npropylooh=>npropyloxy+OH-->[npropyloxy]npropyloxy=>C2H5+CH2O-->[CH2O]npropyloo+CH2O=>npropylooh+HCO-->[npropylooh]npropylooh=>npropyloxy+OH-->[npropyloxy],
[npropylooh]npropylooh=>npropyloxy+OH-->[npropyloxy]npropyloxy=>C2H5+CH2O-->[C2H5]CH3CH2OO+C3H8=>CH3CH2OOH+ipropyl-->[CH3CH2OOH]CH3CH2OOH=>ethoxy+OH-->[ethoxy]ethoxy=>CH3+CH2O-->[CH3]CH3OO+HO2=>CH3OOH+O2-->[CH3OOH]CH3OOH=>CH3O+OH-->[CH3O],
[npropylooh]npropylooh=>npropyloxy+OH-->[npropyloxy]npropyloxy=>C2H5+CH2O-->[C2H5]C2H5+O2=>C2H4+HO2-->[C2H4]C2H4+HO2=>oxirane+OH-->[oxirane],
[npropylooh]npropylooh=>npropyloxy+OH-->[npropyloxy]npropyloxy=>C2H5+CH2O-->[C2H5]CH3CH2OO=>C2H4+HO2-->[C2H4]C2H4+HO2=>oxirane+OH-->[oxirane],
[npropylooh]npropylooh=>npropyloxy+OH-->[npropyloxy]npropyloxy=>C2H5+CH2O-->[CH2O]CH3CH2OO+CH2O=>CH3CH2OOH+HCO-->[CH3CH2OOH]CH3CH2OOH=>ethoxy+OH-->[ethoxy]ethoxy=>CH3+CH2O-->[CH3]CH3OO+HO2=>CH3OOH+O2-->[CH3OOH]CH3OOH=>CH3O+OH-->[CH3O],
[npropylooh]npropylooh=>npropyloxy+OH-->[npropyloxy]npropyloxy=>C2H5+CH2O-->[C2H5]CH3CH2OO+C3H8=>CH3CH2OOH+ipropyl-->[CH3CH2OOH]CH3CH2OOH=>ethoxy+OH-->[ethoxy]ethoxy=>CH3+CH2O-->[CH3]CH3OO+C3H8=>CH3OOH+ipropyl-->[CH3OOH]CH3OOH=>CH3O+OH-->[CH3O],
[npropylooh]npropylooh=>npropyloxy+OH-->[npropyloxy]npropyloxy=>C2H5+CH2O-->[C2H5]C2H5+O2=>oxirane+OH-->[oxirane],
[npropylooh]npropylooh=>npropyloxy+OH-->[npropyloxy]npropyloxy=>C2H5+CH2O-->[C2H5]CH3CH2OO+C3H8=>CH3CH2OOH+ipropyl-->[ipropyl]ipropyloo=>HO2+C3H6-->[C3H6]C3H6+HO2=>propen1ol+OH-->[propen1ol],
[npropylooh]npropylooh=>npropyloxy+OH-->[npropyloxy]npropyloxy=>C2H5+CH2O-->[C2H5]CH3CH2OO+C3H8=>CH3CH2OOH+npropyl-->[CH3CH2OOH]CH3CH2OOH=>ethoxy+OH-->[ethoxy]ethoxy=>CH3+CH2O-->[CH3]CH3OO+HO2=>CH3OOH+O2-->[CH3OOH]CH3OOH=>CH3O+OH-->[CH3O],
[npropylooh]npropylooh=>npropyloxy+OH-->[npropyloxy]npropyloxy=>C2H5+CH2O-->[CH2O]ipropyloo+CH2O=>ipropylooh+HCO-->[ipropylooh]ipropylooh=>ipropyloxy+OH-->[ipropyloxy]ipropyloxy=>CH3+acetaldehyde-->[CH3]CH3OO+HO2=>CH3OOH+O2-->[CH3OOH]CH3OOH=>CH3O+OH-->[CH3O],
[npropylooh]npropylooh=>npropyloxy+OH-->[npropyloxy]npropyloxy=>C2H5+CH2O-->[C2H5]CH3CH2OO+C3H8=>CH3CH2OOH+ipropyl-->[ipropyl]ipropyloo+C3H8=>ipropylooh+ipropyl-->[ipropylooh]ipropylooh=>ipropyloxy+OH-->[ipropyloxy],
[npropylooh]npropylooh=>npropyloxy+OH-->[npropyloxy]npropyloxy=>C2H5+CH2O-->[C2H5]CH3CH2OO=>CH2CH2OOH-->[CH2CH2OOH]CH2CH2OOH=>oxirane+OH-->[oxirane],
[npropylooh]npropylooh=>npropyloxy+OH-->[npropyloxy]npropyloxy=>C2H5+CH2O-->[C2H5]CH3CH2OO+C3H8=>CH3CH2OOH+ipropyl-->[ipropyl]ipropyloo=>HO2+C3H6-->[C3H6]HO2+C3H6=>OH+propoxide-->[propoxide],
[npropylooh]npropylooh=>npropyloxy+OH-->[npropyloxy]npropyloxy=>C2H5+CH2O-->[C2H5]CH3CH2OO+C3H8=>CH3CH2OOH+ipropyl-->[ipropyl]ipropyloo=>HO2+C3H6-->[C3H6]C3H6+OH=>allyl+H2O-->[allyl]allyl+HO2=>prod_2-->[prod_2]prod_2=>allyloxy+OH-->[allyloxy],
[npropylooh]npropylooh=>npropyloxy+OH-->[npropyloxy]npropyloxy=>C2H5+CH2O-->[C2H5]C2H5+O2=>CH2CH2OOH-->[CH2CH2OOH]CH2CH2OOH=>oxirane+OH-->[oxirane],
[npropylooh]npropylooh=>npropyloxy+OH-->[npropyloxy]npropyloxy=>C2H5+CH2O-->[CH2O]CH2O+formylperoxy=>HCO+formylooh-->[formylooh]formylooh=>formyloxy+OH-->[formyloxy],
[npropylooh]npropylooh=>npropyloxy+OH-->[npropyloxy]npropyloxy=>C2H5+CH2O-->[C2H5]CH3CH2OO+C3H8=>CH3CH2OOH+ipropyl-->[CH3CH2OOH]CH3CH2OOH=>ethoxy+OH-->[ethoxy]ethoxy=>CH3+CH2O-->[CH3]CH3OO+C3H8=>CH3OOH+npropyl-->[npropyl]well_1=>OH+prod_1-->[prod_1],
[npropylooh]npropylooh=>npropyloxy+OH-->[npropyloxy]npropyloxy=>C2H5+CH2O-->[C2H5]CH3CH2OO+C3H8=>CH3CH2OOH+ipropyl-->[CH3CH2OOH]CH3CH2OOH=>ethoxy+OH-->[ethoxy]ethoxy=>CH3+CH2O-->[CH3]CH3OO+C3H8=>CH3OOH+npropyl-->[npropyl]well_1=>OH+prod_1-->[prod_1]prod_1=>frag_1+OH-->[frag_1],
[npropylooh]npropylooh=>npropyloxy+OH-->[npropyloxy]npropyloxy=>C2H5+CH2O-->[C2H5]CH3CH2OO+C3H8=>CH3CH2OOH+ipropyl-->[CH3CH2OOH]CH3CH2OOH=>ethoxy+OH-->[ethoxy]ethoxy=>CH3+CH2O-->[CH3]CH3OO+C3H8=>CH3OOH+npropyl-->[npropyl]well_1=>OH+prod_1-->[prod_1]prod_1=>frag_1+OH-->[frag_1]frag_1=>vinoxy+CH2O-->[vinoxy]vinoxy+O2=>CH2O+CO+OH-->[CO],
[npropylooh]npropylooh=>npropyloxy+OH-->[npropyloxy]npropyloxy=>C2H5+CH2O-->[C2H5]CH3CH2OO+C3H8=>CH3CH2OOH+ipropyl-->[ipropyl]ipropyloo=>HO2+C3H6-->[C3H6]C3H6+HO2=>allyl+H2O2-->[allyl]allyl+HO2=>prod_2-->[prod_2]prod_2=>allyloxy+OH-->[allyloxy],
[npropylooh]npropylooh=>npropyloxy+OH-->[npropyloxy]npropyloxy=>C2H5+CH2O-->[C2H5]CH3CH2OO+C3H8=>CH3CH2OOH+ipropyl-->[CH3CH2OOH]CH3CH2OOH=>ethoxy+OH-->[ethoxy]ethoxy=>CH3+CH2O-->[CH3]CH3OO+C3H8=>CH3OOH+npropyl-->[CH3OOH]CH3OOH=>CH3O+OH-->[CH3O],
[npropylooh]npropylooh=>npropyloxy+OH-->[npropyloxy]npropyloxy=>C2H5+CH2O-->[C2H5]CH3CH2OO+C3H8=>CH3CH2OOH+npropyl-->[CH3CH2OOH]CH3CH2OOH=>ethoxy+OH-->[ethoxy]ethoxy=>CH3+CH2O-->[CH3]CH3OO+C3H8=>CH3OOH+ipropyl-->[CH3OOH]CH3OOH=>CH3O+OH-->[CH3O],
[npropylooh]npropylooh=>npropyloxy+OH-->[npropyloxy]npropyloxy=>C2H5+CH2O-->[CH2O]CH2O+OH=>HCO+H2O-->[HCO]HCO+O2=>CO+HO2-->[CO]CO+HO2=>CO2+OH-->[CO2],
[npropylooh]npropylooh=>npropyloxy+OH-->[npropyloxy]npropyloxy=>C2H5+CH2O-->[CH2O]npropyloo+CH2O=>npropylooh+HCO-->[npropylooh]npropylooh=>npropyloxy+OH-->[npropyloxy]npropyloxy=>C2H5+CH2O-->[C2H5]CH3CH2OO+HO2=>CH3CH2OOH+O2-->[CH3CH2OOH]CH3CH2OOH=>ethoxy+OH-->[ethoxy],
[npropylooh]npropylooh=>npropyloxy+OH-->[npropyloxy]npropyloxy=>C2H5+CH2O-->[C2H5]CH3CH2OO+C3H8=>CH3CH2OOH+ipropyl-->[ipropyl]ipropyloo=>HO2+C3H6-->[C3H6]HO2+C3H6=>QOOH_2-->[QOOH_2]QOOH_2=>OH+propoxide-->[propoxide],
[npropylooh]npropylooh=>npropyloxy+OH-->[npropyloxy]npropyloxy=>C2H5+CH2O-->[C2H5]CH3CH2OO=>C2H4+HO2-->[C2H4]C2H4+HO2=>CH2CH2OOH-->[CH2CH2OOH]CH2CH2OOH=>oxirane+OH-->[oxirane],
[npropylooh]npropylooh=>npropyloxy+OH-->[npropyloxy]npropyloxy=>C2H5+CH2O-->[C2H5]C2H5+O2=>C2H4+HO2-->[C2H4]C2H4+HO2=>CH2CH2OOH-->[CH2CH2OOH]CH2CH2OOH=>oxirane+OH-->[oxirane],
[npropylooh]npropylooh=>npropyloxy+OH-->[npropyloxy]npropyloxy=>C2H5+CH2O-->[C2H5]CH3CH2OO+C3H8=>CH3CH2OOH+ipropyl-->[CH3CH2OOH]CH3CH2OOH=>ethoxy+OH-->[ethoxy]ethoxy=>CH3+CH2O-->[CH2O]CH3OO+CH2O=>CH3OOH+HCO-->[CH3OOH]CH3OOH=>CH3O+OH-->[CH3O],
[npropylooh]npropylooh=>npropyloxy+OH-->[npropyloxy]npropyloxy=>C2H5+CH2O-->[C2H5]C2H5+O2=>acetaldehyde+OH-->[acetaldehyde],
[npropylooh]npropylooh=>npropyloxy+OH-->[npropyloxy]npropyloxy=>C2H5+CH2O-->[CH2O]CH2O+acetylperoxy=>HCO+CH3CO3H-->[CH3CO3H]CH3CO3H=>acetyloxy+OH-->[acetyloxy],
[npropylooh]npropylooh=>npropyloxy+OH-->[npropyloxy]npropyloxy=>C2H5+CH2O-->[C2H5]CH3CH2OO+C3H8=>CH3CH2OOH+ipropyl-->[ipropyl]ipropyloo+C3H8=>ipropylooh+npropyl-->[ipropylooh]ipropylooh=>ipropyloxy+OH-->[ipropyloxy],
[npropylooh]npropylooh=>npropyloxy+OH-->[npropyloxy]npropyloxy=>C2H5+CH2O-->[C2H5]CH3CH2OO+C3H8=>CH3CH2OOH+ipropyl-->[ipropyl]ipropyloo=>HO2+C3H6-->[C3H6]C3H6+OH=>allyl+H2O-->[allyl]allyl+HO2=>allyloxy+OH-->[allyloxy],
[npropylooh]npropylooh=>npropyloxy+OH-->[npropyloxy]npropyloxy=>C2H5+CH2O-->[CH2O]CH2O+OH=>HCO+H2O-->[HCO]HCO+O2=>formylperoxy-->[formylperoxy]CH2O+formylperoxy=>HCO+formylooh-->[formylooh]formylooh=>formyloxy+OH-->[formyloxy],
[npropylooh]npropylooh=>npropyloxy+OH-->[npropyloxy]npropyloxy=>C2H5+CH2O-->[C2H5]CH3CH2OO+C3H8=>CH3CH2OOH+ipropyl-->[CH3CH2OOH]CH3CH2OOH=>ethoxy+OH-->[ethoxy]ethoxy=>CH3+CH2O-->[CH2O]CH3CH2OO+CH2O=>CH3CH2OOH+HCO-->[CH3CH2OOH]CH3CH2OOH=>ethoxy+OH-->[ethoxy],
[npropylooh]npropylooh=>npropyloxy+OH-->[npropyloxy]npropyloxy=>C2H5+CH2O-->[C2H5]CH3CH2OO+C3H8=>CH3CH2OOH+npropyl-->[npropyl]npropyloo=>OH+propoxide-->[propoxide],
[npropylooh]npropylooh=>npropyloxy+OH-->[npropyloxy]npropyloxy=>C2H5+CH2O-->[C2H5]CH3CH2OO=>oxirane+OH-->[oxirane],
[npropylooh]npropylooh=>npropyloxy+OH-->[npropyloxy]npropyloxy=>C2H5+CH2O-->[C2H5]CH3CH2OO+C3H8=>CH3CH2OOH+ipropyl-->[CH3CH2OOH]CH3CH2OOH=>ethoxy+OH-->[ethoxy]ethoxy=>CH3+CH2O-->[CH2O]ipropyloo+CH2O=>ipropylooh+HCO-->[ipropylooh]ipropylooh=>ipropyloxy+OH-->[ipropyloxy],
[npropylooh]npropylooh=>npropyloxy+OH-->[npropyloxy]npropyloxy=>C2H5+CH2O-->[C2H5]CH3CH2OO+C3H8=>CH3CH2OOH+ipropyl-->[ipropyl]O2+ipropyl=>HO2+C3H6-->[C3H6]C3H6+HO2=>propen1ol+OH-->[propen1ol],
[npropylooh]npropylooh=>npropyloxy+OH-->[npropyloxy]npropyloxy=>C2H5+CH2O-->[C2H5]CH3CH2OO+C3H8=>CH3CH2OOH+ipropyl-->[CH3CH2OOH]CH3CH2OOH=>ethoxy+OH-->[ethoxy]ethoxy=>CH3+CH2O-->[CH2O]npropyloo+CH2O=>npropylooh+HCO-->[npropylooh]npropylooh=>npropyloxy+OH-->[npropyloxy],
[npropylooh]npropylooh=>npropyloxy+OH-->[npropyloxy]npropyloxy=>C2H5+CH2O-->[C2H5]CH3CH2OO=>C2H4+HO2-->[C2H4]H+C2H4(+M)=>C2H5(+M)-->[C2H5]CH3CH2OO+HO2=>CH3CH2OOH+O2-->[CH3CH2OOH]CH3CH2OOH=>ethoxy+OH-->[ethoxy],
[npropylooh]npropylooh=>npropyloxy+OH-->[npropyloxy]npropyloxy=>C2H5+CH2O-->[C2H5]C2H5+O2=>C2H4+HO2-->[C2H4]H+C2H4(+M)=>C2H5(+M)-->[C2H5]CH3CH2OO+HO2=>CH3CH2OOH+O2-->[CH3CH2OOH]CH3CH2OOH=>ethoxy+OH-->[ethoxy],
[npropylooh]npropylooh=>npropyloxy+OH-->[npropyloxy]npropyloxy=>C2H5+CH2O-->[CH2O]CH2O+OH=>HCO+H2O-->[HCO]HCO+O2=>formylperoxy-->[formylperoxy]C3H8+formylperoxy=>ipropyl+formylooh-->[formylooh]formylooh=>formyloxy+OH-->[formyloxy],
[npropylooh]npropylooh=>npropyloxy+OH-->[npropyloxy]npropyloxy=>C2H5+CH2O-->[C2H5]CH3CH2OO+C3H8=>CH3CH2OOH+ipropyl-->[ipropyl]ipropyloo+C3H8=>ipropylooh+npropyl-->[npropyl]well_1=>OH+prod_1-->[prod_1],
[npropylooh]npropylooh=>npropyloxy+OH-->[npropyloxy]npropyloxy=>C2H5+CH2O-->[C2H5]CH3CH2OO+C3H8=>CH3CH2OOH+ipropyl-->[ipropyl]ipropyloo+C3H8=>ipropylooh+npropyl-->[npropyl]well_1=>OH+prod_1-->[prod_1]prod_1=>frag_1+OH-->[frag_1],
[npropylooh]npropylooh=>npropyloxy+OH-->[npropyloxy]npropyloxy=>C2H5+CH2O-->[C2H5]CH3CH2OO+C3H8=>CH3CH2OOH+ipropyl-->[ipropyl]ipropyloo+C3H8=>ipropylooh+npropyl-->[npropyl]well_1=>OH+prod_1-->[prod_1]prod_1=>frag_1+OH-->[frag_1]frag_1=>vinoxy+CH2O-->[vinoxy]vinoxy+O2=>CH2O+CO+OH-->[CO],
[npropylooh]npropylooh=>npropyloxy+OH-->[npropyloxy]npropyloxy=>C2H5+CH2O-->[C2H5]CH3CH2OO+C3H8=>CH3CH2OOH+ipropyl-->[ipropyl]ipropyloo=>QOOH_3-->[QOOH_3]QOOH_3=>OH+propoxide-->[propoxide],
[npropylooh]npropylooh=>npropyloxy+OH-->[npropyloxy]npropyloxy=>C2H5+CH2O-->[C2H5]CH3CH2OO+C3H8=>CH3CH2OOH+ipropyl-->[ipropyl]ipropyloo=>HO2+C3H6-->[C3H6]C3H6+HO2=>allyl+H2O2-->[allyl]allyl+HO2=>allyloxy+OH-->[allyloxy],
[npropylooh]npropylooh=>npropyloxy+OH-->[npropyloxy]npropyloxy=>C2H5+CH2O-->[C2H5]CH3CH2OO=>C2H4+HO2-->[C2H4]C2H4+OH=>C2H3+H2O-->[C2H3]C2H3+O2=>O+vinoxy-->[vinoxy]vinoxy+O2=>CH2O+CO+OH-->[CO],
[npropylooh]npropylooh=>npropyloxy+OH-->[npropyloxy]npropyloxy=>C2H5+CH2O-->[C2H5]C2H5+O2=>C2H4+HO2-->[C2H4]C2H4+OH=>C2H3+H2O-->[C2H3]C2H3+O2=>O+vinoxy-->[vinoxy]vinoxy+O2=>CH2O+CO+OH-->[CO],
[npropylooh]npropylooh=>npropyloxy+OH-->[npropyloxy]npropyloxy=>C2H5+CH2O-->[C2H5]CH3CH2OO+C3H8=>CH3CH2OOH+npropyl-->[npropyl]npropyloo=>QOOH_2-->[QOOH_2]QOOH_2=>OH+propoxide-->[propoxide],
[npropylooh]npropylooh=>npropyloxy+OH-->[npropyloxy]npropyloxy=>C2H5+CH2O-->[C2H5]CH3CH2OO+C3H8=>CH3CH2OOH+ipropyl-->[ipropyl]ipropyloo=>OH+propoxide-->[propoxide],
[npropylooh]npropylooh=>npropyloxy+OH-->[npropyloxy]npropyloxy=>C2H5+CH2O-->[CH2O]ipropyloo+CH2O=>ipropylooh+HCO-->[ipropylooh]ipropylooh=>ipropyloxy+OH-->[ipropyloxy]ipropyloxy=>CH3+acetaldehyde-->[acetaldehyde]acetaldehyde+HO2=>acetyl+H2O2-->[acetyl]acetyl(+M)=>CH3+CO(+M)-->[CH3]CH3OO+HO2=>CH3OOH+O2-->[CH3OOH]CH3OOH=>CH3O+OH-->[CH3O],
[npropylooh]npropylooh=>npropyloxy+OH-->[npropyloxy]npropyloxy=>C2H5+CH2O-->[C2H5]CH3CH2OO+C3H8=>CH3CH2OOH+npropyl-->[CH3CH2OOH]CH3CH2OOH=>ethoxy+OH-->[ethoxy]ethoxy=>CH3+CH2O-->[CH3]CH3OO+C3H8=>CH3OOH+npropyl-->[npropyl]well_1=>OH+prod_1-->[prod_1],
[npropylooh]npropylooh=>npropyloxy+OH-->[npropyloxy]npropyloxy=>C2H5+CH2O-->[C2H5]CH3CH2OO+C3H8=>CH3CH2OOH+npropyl-->[CH3CH2OOH]CH3CH2OOH=>ethoxy+OH-->[ethoxy]ethoxy=>CH3+CH2O-->[CH3]CH3OO+C3H8=>CH3OOH+npropyl-->[npropyl]well_1=>OH+prod_1-->[prod_1]prod_1=>frag_1+OH-->[frag_1],
[npropylooh]npropylooh=>npropyloxy+OH-->[npropyloxy]npropyloxy=>C2H5+CH2O-->[C2H5]CH3CH2OO+C3H8=>CH3CH2OOH+npropyl-->[CH3CH2OOH]CH3CH2OOH=>ethoxy+OH-->[ethoxy]ethoxy=>CH3+CH2O-->[CH3]CH3OO+C3H8=>CH3OOH+npropyl-->[npropyl]well_1=>OH+prod_1-->[prod_1]prod_1=>frag_1+OH-->[frag_1]frag_1=>vinoxy+CH2O-->[vinoxy]vinoxy+O2=>CH2O+CO+OH-->[CO],
[npropylooh]npropylooh=>npropyloxy+OH-->[npropyloxy]npropyloxy=>C2H5+CH2O-->[C2H5]CH3CH2OO+C3H8=>CH3CH2OOH+npropyl-->[npropyl]well_1=>HO2+prod_2-->[prod_2]prod_2=>allyloxy+OH-->[allyloxy],
[npropylooh]npropylooh=>npropyloxy+OH-->[npropyloxy]npropyloxy=>C2H5+CH2O-->[CH2O]npropyloo+CH2O=>npropylooh+HCO-->[npropylooh]npropylooh=>npropyloxy+OH-->[npropyloxy]npropyloxy=>C2H5+CH2O-->[C2H5]CH3CH2OO+HO2=>CH3CH2OOH+O2-->[CH3CH2OOH]CH3CH2OOH=>ethoxy+OH-->[ethoxy]ethoxy=>CH3+CH2O-->[CH3]CH3OO+HO2=>CH3OOH+O2-->[CH3OOH]CH3OOH=>CH3O+OH-->[CH3O],
[npropylooh]npropylooh=>npropyloxy+OH-->[npropyloxy]npropyloxy=>C2H5+CH2O-->[C2H5]CH3CH2OO+C3H8=>CH3CH2OOH+npropyl-->[CH3CH2OOH]CH3CH2OOH=>ethoxy+OH-->[ethoxy]ethoxy=>CH3+CH2O-->[CH3]CH3OO+C3H8=>CH3OOH+npropyl-->[CH3OOH]CH3OOH=>CH3O+OH-->[CH3O],
[npropylooh]npropylooh=>npropyloxy+OH-->[npropyloxy]npropyloxy=>C2H5+CH2O-->[C2H5]CH3CH2OO+C3H8=>CH3CH2OOH+ipropyl-->[ipropyl]O2+ipropyl=>HO2+C3H6-->[C3H6]HO2+C3H6=>OH+propoxide-->[propoxide],
[npropylooh]npropylooh=>npropyloxy+OH-->[npropyloxy]npropyloxy=>C2H5+CH2O-->[C2H5]CH3CH2OO+C3H8=>CH3CH2OOH+ipropyl-->[ipropyl]O2+ipropyl=>HO2+C3H6-->[C3H6]C3H6+OH=>allyl+H2O-->[allyl]allyl+HO2=>prod_2-->[prod_2]prod_2=>allyloxy+OH-->[allyloxy],
[npropylooh]npropylooh=>npropyloxy+OH-->[npropyloxy]npropyloxy=>C2H5+CH2O-->[CH2O]CH2O+HO2=>HCO+H2O2-->[HCO]HCO+O2=>CO+HO2-->[CO]CO+HO2=>CO2+OH-->[CO2],
[npropylooh]npropylooh=>npropyloxy+OH-->[npropyloxy]npropyloxy=>C2H5+CH2O-->[C2H5]CH3CH2OO+C3H8=>CH3CH2OOH+ipropyl-->[ipropyl]ipropyloo+C3H8=>ipropylooh+ipropyl-->[ipropylooh]ipropylooh=>ipropyloxy+OH-->[ipropyloxy]ipropyloxy=>CH3+acetaldehyde-->[CH3]CH3OO+C3H8=>CH3OOH+ipropyl-->[CH3OOH]CH3OOH=>CH3O+OH-->[CH3O],
[npropylooh]npropylooh=>npropyloxy+OH-->[npropyloxy]npropyloxy=>C2H5+CH2O-->[CH2O]CH2O+O=>HCO+OH-->[HCO],
[npropylooh]npropylooh=>npropyloxy+OH-->[npropyloxy]npropyloxy=>C2H5+CH2O-->[CH2O]CH3CH2OO+CH2O=>CH3CH2OOH+HCO-->[CH3CH2OOH]CH3CH2OOH=>ethoxy+OH-->[ethoxy]ethoxy=>CH3+CH2O-->[CH3]CH3OO+CH2O=>CH3OOH+HCO-->[CH3OOH]CH3OOH=>CH3O+OH-->[CH3O],
[npropylooh]npropylooh=>npropyloxy+OH-->[npropyloxy]npropyloxy=>C2H5+CH2O-->[CH2O]npropyloo+CH2O=>npropylooh+HCO-->[npropylooh]npropylooh=>npropyloxy+OH-->[npropyloxy]npropyloxy=>C2H5+CH2O-->[C2H5]CH3CH2OO+CH2O=>CH3CH2OOH+HCO-->[CH3CH2OOH]CH3CH2OOH=>ethoxy+OH-->[ethoxy],
[npropylooh]npropylooh=>npropyloxy+OH-->[npropyloxy]npropyloxy=>C2H5+CH2O-->[C2H5]CH3CH2OO+C3H8=>CH3CH2OOH+ipropyl-->[CH3CH2OOH]CH3CH2OOH=>ethoxy+OH-->[ethoxy]ethoxy=>CH3+CH2O-->[CH3]CH3OO+C3H8=>CH3OOH+ipropyl-->[ipropyl]ipropyloo=>HO2+C3H6-->[C3H6]C3H6+HO2=>propen1ol+OH-->[propen1ol],
[npropylooh]npropylooh=>npropyloxy+OH-->[npropyloxy]npropyloxy=>C2H5+CH2O-->[C2H5]CH3CH2OO+C3H8=>CH3CH2OOH+npropyl-->[CH3CH2OOH]CH3CH2OOH=>ethoxy+OH-->[ethoxy]ethoxy=>CH3+CH2O-->[CH2O]CH3OO+CH2O=>CH3OOH+HCO-->[CH3OOH]CH3OOH=>CH3O+OH-->[CH3O],
[npropylooh]npropylooh=>npropyloxy+OH-->[npropyloxy]npropyloxy=>C2H5+CH2O-->[C2H5]CH3CH2OO+C3H8=>CH3CH2OOH+npropyl-->[npropyl]npropyloo+C3H8=>npropylooh+npropyl-->[npropylooh]npropylooh=>npropyloxy+OH-->[npropyloxy],
[npropylooh]npropylooh=>npropyloxy+OH-->[npropyloxy]npropyloxy=>C2H5+CH2O-->[C2H5]CH3CH2OO+C3H8=>CH3CH2OOH+ipropyl-->[ipropyl]O2+ipropyl=>OH+propoxide-->[propoxide],
[npropylooh]npropylooh=>npropyloxy+OH-->[npropyloxy]npropyloxy=>C2H5+CH2O-->[C2H5]CH3CH2OO=>C2H4+HO2-->[C2H4]C2H4+OH=>CH2CH2OH-->[CH2CH2OH]O2C2H4OH=>OH+CH2O+CH2O-->[CH2O]CH3OO+CH2O=>CH3OOH+HCO-->[CH3OOH]CH3OOH=>CH3O+OH-->[CH3O],
[npropylooh]npropylooh=>npropyloxy+OH-->[npropyloxy]npropyloxy=>C2H5+CH2O-->[C2H5]C2H5+O2=>C2H4+HO2-->[C2H4]C2H4+OH=>CH2CH2OH-->[CH2CH2OH]O2C2H4OH=>OH+CH2O+CH2O-->[CH2O]CH3OO+CH2O=>CH3OOH+HCO-->[CH3OOH]CH3OOH=>CH3O+OH-->[CH3O],
[npropylooh]npropylooh=>npropyloxy+OH-->[npropyloxy]npropyloxy=>C2H5+CH2O-->[C2H5]CH3CH2OO+C3H8=>CH3CH2OOH+ipropyl-->[CH3CH2OOH]CH3CH2OOH=>ethoxy+OH-->[ethoxy]ethoxy=>CH3+CH2O-->[CH2O]CH3CH2OO+CH2O=>CH3CH2OOH+HCO-->[CH3CH2OOH]CH3CH2OOH=>ethoxy+OH-->[ethoxy]ethoxy=>CH3+CH2O-->[CH3]CH3OO+HO2=>CH3OOH+O2-->[CH3OOH]CH3OOH=>CH3O+OH-->[CH3O],
[npropylooh]npropylooh=>npropyloxy+OH-->[npropyloxy]npropyloxy=>C2H5+CH2O-->[C2H5]CH3CH2OO=>C2H4+HO2-->[C2H4]H+C2H4(+M)=>C2H5(+M)-->[C2H5]CH3CH2OO+CH2O=>CH3CH2OOH+HCO-->[CH3CH2OOH]CH3CH2OOH=>ethoxy+OH-->[ethoxy],
[npropylooh]npropylooh=>npropyloxy+OH-->[npropyloxy]npropyloxy=>C2H5+CH2O-->[C2H5]C2H5+O2=>C2H4+HO2-->[C2H4]H+C2H4(+M)=>C2H5(+M)-->[C2H5]CH3CH2OO+CH2O=>CH3CH2OOH+HCO-->[CH3CH2OOH]CH3CH2OOH=>ethoxy+OH-->[ethoxy],
[npropylooh]npropylooh=>npropyloxy+OH-->[npropyloxy]npropyloxy=>C2H5+CH2O-->[C2H5]CH3CH2OO+C3H8=>CH3CH2OOH+ipropyl-->[ipropyl]O2+ipropyl=>HO2+C3H6-->[C3H6]C3H6+HO2=>allyl+H2O2-->[allyl]allyl+HO2=>prod_2-->[prod_2]prod_2=>allyloxy+OH-->[allyloxy],
[npropylooh]npropylooh=>npropyloxy+OH-->[npropyloxy]npropyloxy=>C2H5+CH2O-->[CH2O]CH2O+OH=>HCO+H2O-->[HCO]HCO+O2=>formylperoxy-->[formylperoxy]C3H8+formylperoxy=>npropyl+formylooh-->[formylooh]formylooh=>formyloxy+OH-->[formyloxy],
[npropylooh]npropylooh=>npropyloxy+OH-->[npropyloxy]npropyloxy=>C2H5+CH2O-->[C2H5]CH3CH2OO+C3H8=>CH3CH2OOH+npropyl-->[npropyl]npropyloo+C3H8=>npropylooh+ipropyl-->[npropylooh]npropylooh=>npropyloxy+OH-->[npropyloxy],
[npropylooh]npropylooh=>npropyloxy+OH-->[npropyloxy]npropyloxy=>C2H5+CH2O-->[CH2O]CH2O+HO2=>HCO+H2O2-->[HCO]HCO+O2=>formylperoxy-->[formylperoxy]CH2O+formylperoxy=>HCO+formylooh-->[formylooh]formylooh=>formyloxy+OH-->[formyloxy],
[npropylooh]npropylooh=>npropyloxy+OH-->[npropyloxy]npropyloxy=>C2H5+CH2O-->[C2H5]CH3CH2OO+C3H8=>CH3CH2OOH+npropyl-->[npropyl]well_1=>OH+prod_1-->[prod_1]prod_1=>frag_1+OH-->[frag_1]frag_1=>vinoxy+CH2O-->[CH2O]CH3OO+CH2O=>CH3OOH+HCO-->[CH3OOH]CH3OOH=>CH3O+OH-->[CH3O],
[npropylooh]npropylooh=>npropyloxy+OH-->[npropyloxy]npropyloxy=>C2H5+CH2O-->[C2H5]CH3CH2OO+C3H8=>CH3CH2OOH+npropyl-->[CH3CH2OOH]CH3CH2OOH=>ethoxy+OH-->[ethoxy]ethoxy=>CH3+CH2O-->[CH2O]CH3CH2OO+CH2O=>CH3CH2OOH+HCO-->[CH3CH2OOH]CH3CH2OOH=>ethoxy+OH-->[ethoxy],
[npropylooh]npropylooh=>npropyloxy+OH-->[npropyloxy]npropyloxy=>C2H5+CH2O-->[C2H5]C2H5+O2=>C2H4+HO2-->[C2H4]H+C2H4(+M)=>C2H5(+M)-->[C2H5]CH3CH2OO+HO2=>CH3CH2OOH+O2-->[CH3CH2OOH]CH3CH2OOH=>ethoxy+OH-->[ethoxy]ethoxy=>CH3+CH2O-->[CH3]CH3OO+HO2=>CH3OOH+O2-->[CH3OOH]CH3OOH=>CH3O+OH-->[CH3O],
[npropylooh]npropylooh=>npropyloxy+OH-->[npropyloxy]npropyloxy=>C2H5+CH2O-->[C2H5]CH3CH2OO=>C2H4+HO2-->[C2H4]H+C2H4(+M)=>C2H5(+M)-->[C2H5]CH3CH2OO+HO2=>CH3CH2OOH+O2-->[CH3CH2OOH]CH3CH2OOH=>ethoxy+OH-->[ethoxy]ethoxy=>CH3+CH2O-->[CH3]CH3OO+HO2=>CH3OOH+O2-->[CH3OOH]CH3OOH=>CH3O+OH-->[CH3O],
[npropylooh]npropylooh=>npropyloxy+OH-->[npropyloxy]npropyloxy=>C2H5+CH2O-->[C2H5]CH3CH2OO+C3H8=>CH3CH2OOH+npropyl-->[CH3CH2OOH]CH3CH2OOH=>ethoxy+OH-->[ethoxy]ethoxy=>CH3+CH2O-->[CH2O]ipropyloo+CH2O=>ipropylooh+HCO-->[ipropylooh]ipropylooh=>ipropyloxy+OH-->[ipropyloxy],
[npropylooh]npropylooh=>npropyloxy+OH-->[npropyloxy]npropyloxy=>C2H5+CH2O-->[C2H5]CH3CH2OO+C3H8=>CH3CH2OOH+ipropyl-->[CH3CH2OOH]CH3CH2OOH=>ethoxy+OH-->[ethoxy]ethoxy=>CH3+CH2O-->[CH3]CH3OO+C3H8=>CH3OOH+ipropyl-->[ipropyl]ipropyloo+C3H8=>ipropylooh+ipropyl-->[ipropylooh]ipropylooh=>ipropyloxy+OH-->[ipropyloxy],
[npropylooh]npropylooh=>npropyloxy+OH-->[npropyloxy]npropyloxy=>C2H5+CH2O-->[C2H5]CH3CH2OO+C3H8=>CH3CH2OOH+npropyl-->[CH3CH2OOH]CH3CH2OOH=>ethoxy+OH-->[ethoxy]ethoxy=>CH3+CH2O-->[CH2O]npropyloo+CH2O=>npropylooh+HCO-->[npropylooh]npropylooh=>npropyloxy+OH-->[npropyloxy],
[npropylooh]npropylooh=>npropyloxy+OH-->[npropyloxy]npropyloxy=>C2H5+CH2O-->[CH2O]ipropyloo+CH2O=>ipropylooh+HCO-->[ipropylooh]ipropylooh=>ipropyloxy+OH-->[ipropyloxy]ipropyloxy=>CH3+acetaldehyde-->[acetaldehyde]acetaldehyde+OH=>vinoxy+H2O-->[vinoxy]vinoxy+O2=>CH2O+CO+OH-->[CO],
[npropylooh]npropylooh=>npropyloxy+OH-->[npropyloxy]npropyloxy=>C2H5+CH2O-->[CH2O]ipropyloo+CH2O=>ipropylooh+HCO-->[ipropylooh]ipropylooh=>ipropyloxy+OH-->[ipropyloxy]ipropyloxy=>CH3+acetaldehyde-->[acetaldehyde]CH3OO+acetaldehyde=>CH3OOH+acetyl-->[CH3OOH]CH3OOH=>CH3O+OH-->[CH3O],
[npropylooh]npropylooh=>npropyloxy+OH-->[npropyloxy]npropyloxy=>C2H5+CH2O-->[C2H5]CH3CH2OO+C3H8=>CH3CH2OOH+npropyl-->[npropyl]well_1=>OH+prod_1-->[prod_1]prod_1=>frag_1+OH-->[frag_1]frag_1=>vinoxy+CH2O-->[CH2O]CH3CH2OO+CH2O=>CH3CH2OOH+HCO-->[CH3CH2OOH]CH3CH2OOH=>ethoxy+OH-->[ethoxy],
[npropylooh]npropylooh=>npropyloxy+OH-->[npropyloxy]npropyloxy=>C2H5+CH2O-->[C2H5]CH3CH2OO+C3H8=>CH3CH2OOH+ipropyl-->[ipropyl]ipropyloo=>HO2+C3H6-->[C3H6]H+C3H6=>npropyl-->[npropyl]well_1=>OH+prod_1-->[prod_1],
