[OH]C3H8+OH=>ipropyl+H2O-->[ipropyl]ipropyloo=>HO2+C3H6-->[C3H6],
[OH]C3H8+OH=>npropyl+H2O-->[npropyl]well_1=>OH+prod_1-->[prod_1]prod_1=>frag_1+OH-->[frag_1]frag_1=>vinoxy+CH2O-->[vinoxy]vinoxy+O2=>CH2O+CO+OH-->[CO],
[OH]C3H8+OH=>npropyl+H2O-->[npropyl]well_1=>OH+prod_1-->[prod_1]prod_1=>frag_1+OH-->[frag_1]frag_1=>vinoxy+CH2O-->[CH2O]CH2O+OH=>HCO+H2O-->[HCO]HCO+O2=>CO+HO2-->[CO],
[OH]C3H8+OH=>ipropyl+H2O-->[ipropyl]O2+ipropyl=>HO2+C3H6-->[C3H6],
[OH]C3H8+OH=>npropyl+H2O-->[npropyl]npropyloo=>HO2+C3H6-->[C3H6],
[OH]C3H8+OH=>npropyl+H2O-->[npropyl]well_1=>OH+prod_1-->[prod_1]prod_1=>frag_1+OH-->[frag_1]frag_1=>vinoxy+CH2O-->[CH2O],
[OH]C3H8+OH=>npropyl+H2O-->[npropyl]well_1=>OH+prod_1-->[prod_1]prod_1=>frag_1+OH-->[frag_1]frag_1=>vinoxy+CH2O-->[vinoxy]vinoxy+O2=>CH2O+CO+OH-->[CH2O]CH2O+OH=>HCO+H2O-->[HCO]HCO+O2=>CO+HO2-->[CO],
[OH]C3H8+OH=>npropyl+H2O-->[npropyl]well_1=>OH+prod_1-->[prod_1]prod_1=>frag_1+OH-->[frag_1]frag_1=>vinoxy+CH2O-->[vinoxy]vinoxy+O2=>CH2O+CO+OH-->[CH2O],
[OH]C3H8+OH=>npropyl+H2O-->[npropyl]well_1=>OH+prod_1-->[prod_1]prod_1=>frag_1+OH-->[frag_1]frag_1=>vinoxy+CH2O-->[CH2O]CH2O+HO2=>HCO+H2O2-->[HCO]HCO+O2=>CO+HO2-->[CO],
[OH]C3H8+OH=>npropyl+H2O-->[npropyl]well_1=>OH+prod_1-->[prod_1]prod_1=>frag_1+OH-->[frag_1]frag_1=>vinoxy+CH2O-->[vinoxy]vinoxy+O2=>CH2O+CO+OH-->[CH2O]CH2O+HO2=>HCO+H2O2-->[HCO]HCO+O2=>CO+HO2-->[CO],
[OH]C3H8+OH=>ipropyl+H2O-->[ipropyl]ipropyloo=>HO2+C3H6-->[C3H6]C3H6+HO2=>propen1ol+OH-->[propen1ol],
[OH]C3H8+OH=>ipropyl+H2O-->[ipropyl]ipropyloo=>HO2+C3H6-->[C3H6]H+C3H6=>ipropyl-->[ipropyl]ipropyloo=>HO2+C3H6-->[C3H6],
[OH]C3H8+OH=>npropyl+H2O-->[npropyl]npropyloo+C3H8=>npropylooh+ipropyl-->[ipropyl]ipropyloo=>HO2+C3H6-->[C3H6],
[OH]C3H8+OH=>ipropyl+H2O-->[ipropyl]ipropyloo+C3H8=>ipropylooh+ipropyl-->[ipropylooh]ipropylooh=>ipropyloxy+OH-->[ipropyloxy]ipropyloxy=>CH3+acetaldehyde-->[acetaldehyde],
[OH]C3H8+OH=>npropyl+H2O-->[npropyl]well_1=>OH+prod_1-->[prod_1]prod_1=>frag_1+OH-->[frag_1]frag_1=>vinoxy+CH2O-->[CH2O]CH3CH2OO+CH2O=>CH3CH2OOH+HCO-->[HCO]HCO+O2=>CO+HO2-->[CO],
[OH]C3H8+OH=>npropyl+H2O-->[npropyl]well_1=>OH+prod_1-->[prod_1]prod_1=>frag_1+OH-->[frag_1]frag_1=>vinoxy+CH2O-->[CH2O]CH3OO+CH2O=>CH3OOH+HCO-->[HCO]HCO+O2=>CO+HO2-->[CO],
[OH]C3H8+OH=>npropyl+H2O-->[npropyl]npropyloo=>OH+propoxide-->[propoxide],
[OH]C3H8+OH=>npropyl+H2O-->[npropyl]well_1=>OH+prod_1-->[prod_1]prod_1=>frag_1+OH-->[frag_1]frag_1=>vinoxy+CH2O-->[CH2O]npropyloo+CH2O=>npropylooh+HCO-->[HCO]HCO+O2=>CO+HO2-->[CO],
[OH]C3H8+OH=>ipropyl+H2O-->[ipropyl]ipropyloo=>HO2+C3H6-->[C3H6]HO2+C3H6=>OH+propoxide-->[propoxide],
[OH]C3H8+OH=>npropyl+H2O-->[npropyl]O2+npropyl=>HO2+C3H6-->[C3H6],
[OH]C3H8+OH=>ipropyl+H2O-->[ipropyl]ipropyloo=>HO2+C3H6-->[C3H6]C3H6+OH=>allyl+H2O-->[allyl]allyl+HO2=>prod_2-->[prod_2]prod_2=>allyloxy+OH-->[allyloxy]allyloxy=>acrolein+H-->[acrolein],
[OH]C3H8+OH=>npropyl+H2O-->[npropyl]well_1=>OH+prod_1-->[prod_1]prod_1=>frag_1+OH-->[frag_1]frag_1=>vinoxy+CH2O-->[CH2O]ipropyloo+CH2O=>ipropylooh+HCO-->[HCO]HCO+O2=>CO+HO2-->[CO],
[OH]C3H8+OH=>npropyl+H2O-->[npropyl]npropyloo=>QOOH_2-->[QOOH_2]QOOH_2=>OH+propoxide-->[propoxide],
[OH]C3H8+OH=>npropyl+H2O-->[npropyl]well_1=>HO2+prod_2-->[prod_2]prod_2=>allyloxy+OH-->[allyloxy]allyloxy=>acrolein+H-->[acrolein],
[OH]C3H8+OH=>ipropyl+H2O-->[ipropyl]ipropyloo=>HO2+C3H6-->[C3H6]H+C3H6=>ipropyl-->[ipropyl]O2+ipropyl=>HO2+C3H6-->[C3H6],
[OH]C3H8+OH=>npropyl+H2O-->[npropyl]well_1=>OH+prod_1-->[prod_1]prod_1=>frag_1+OH-->[frag_1]frag_1=>vinoxy+CH2O-->[CH2O]CH2O+OH=>HCO+H2O-->[HCO]HCO+O2=>formylperoxy-->[formylperoxy]formylperoxy=>HCO+O2-->[HCO]HCO+O2=>CO+HO2-->[CO],
[OH]C3H8+OH=>npropyl+H2O-->[npropyl]well_1=>OH+prod_1-->[prod_1]prod_1=>frag_1+OH-->[frag_1]frag_1=>vinoxy+CH2O-->[vinoxy]vinoxy+O2=>CH2O+CO+OH-->[CH2O]CH3CH2OO+CH2O=>CH3CH2OOH+HCO-->[HCO]HCO+O2=>CO+HO2-->[CO],
[OH]C3H8+OH=>npropyl+H2O-->[npropyl]well_1=>OH+prod_1-->[prod_1]prod_1=>frag_1+OH-->[frag_1]frag_1=>vinoxy+CH2O-->[vinoxy]vinoxy+O2=>CH2O+CO+OH-->[CH2O]CH3OO+CH2O=>CH3OOH+HCO-->[HCO]HCO+O2=>CO+HO2-->[CO],
[OH]C3H8+OH=>ipropyl+H2O-->[ipropyl]ipropyloo=>HO2+C3H6-->[C3H6]C3H6+HO2=>allyl+H2O2-->[allyl]allyl+HO2=>prod_2-->[prod_2]prod_2=>allyloxy+OH-->[allyloxy]allyloxy=>acrolein+H-->[acrolein],
[OH]C3H8+OH=>ipropyl+H2O-->[ipropyl]ipropyloo+C3H8=>ipropylooh+ipropyl-->[ipropylooh]ipropylooh=>ipropyloxy+OH-->[ipropyloxy]ipropyloxy=>CH3+acetaldehyde-->[CH3]CH3OO+C3H8=>CH3OOH+ipropyl-->[ipropyl]ipropyloo=>HO2+C3H6-->[C3H6],
[OH]C3H8+OH=>npropyl+H2O-->[npropyl]well_1=>OH+prod_1-->[prod_1]prod_1=>frag_1+OH-->[frag_1]frag_1=>vinoxy+CH2O-->[vinoxy]vinoxy+O2=>CH2O+CO+OH-->[CH2O]npropyloo+CH2O=>npropylooh+HCO-->[HCO]HCO+O2=>CO+HO2-->[CO],
[OH]C3H8+OH=>ipropyl+H2O-->[ipropyl]ipropyloo=>HO2+C3H6-->[C3H6]HO2+C3H6=>QOOH_2-->[QOOH_2]QOOH_2=>OH+propoxide-->[propoxide],
[OH]C3H8+OH=>npropyl+H2O-->[npropyl]well_1=>OH+prod_1-->[prod_1]prod_1=>frag_1+OH-->[frag_1]frag_1=>vinoxy+CH2O-->[vinoxy]vinoxy+O2=>CH2O+CO+OH-->[CH2O]ipropyloo+CH2O=>ipropylooh+HCO-->[HCO]HCO+O2=>CO+HO2-->[CO],
[OH]C3H8+OH=>npropyl+H2O-->[npropyl]npropyloo+C3H8=>npropylooh+npropyl-->[npropylooh]npropylooh=>npropyloxy+OH-->[npropyloxy]npropyloxy=>C2H5+CH2O-->[CH2O]CH2O+OH=>HCO+H2O-->[HCO]HCO+O2=>CO+HO2-->[CO],
[OH]C3H8+OH=>npropyl+H2O-->[npropyl]npropyloo+C3H8=>npropylooh+ipropyl-->[npropylooh]npropylooh=>npropyloxy+OH-->[npropyloxy]npropyloxy=>C2H5+CH2O-->[CH2O]CH2O+OH=>HCO+H2O-->[HCO]HCO+O2=>CO+HO2-->[CO],
[OH]C3H8+OH=>ipropyl+H2O-->[ipropyl]ipropyloo=>HO2+C3H6-->[C3H6]C3H6+OH=>propen1yl+H2O-->[propen1yl]propen1yl+O2=>acetaldehyde+HCO-->[HCO]HCO+O2=>CO+HO2-->[CO],
[OH]C3H8+OH=>ipropyl+H2O-->[ipropyl]ipropyloo=>HO2+C3H6-->[C3H6]C3H6+OH=>allyl+H2O-->[allyl]allyl+HO2=>allyloxy+OH-->[allyloxy]allyloxy=>acrolein+H-->[acrolein],
[OH]C3H8+OH=>ipropyl+H2O-->[ipropyl]ipropyloo+C3H8=>ipropylooh+npropyl-->[ipropylooh]ipropylooh=>ipropyloxy+OH-->[ipropyloxy]ipropyloxy=>CH3+acetaldehyde-->[acetaldehyde],
[OH]C3H8+OH=>npropyl+H2O-->[npropyl]npropyloo+C3H8=>npropylooh+npropyl-->[npropylooh]npropylooh=>npropyloxy+OH-->[npropyloxy]npropyloxy=>C2H5+CH2O-->[C2H5]C2H5+O2=>C2H4+HO2-->[C2H4],
[OH]C3H8+OH=>npropyl+H2O-->[npropyl]npropyloo+C3H8=>npropylooh+npropyl-->[npropylooh]npropylooh=>npropyloxy+OH-->[npropyloxy]npropyloxy=>C2H5+CH2O-->[C2H5]CH3CH2OO=>C2H4+HO2-->[C2H4],
[OH]C3H8+OH=>npropyl+H2O-->[npropyl]well_1=>OH+prod_1-->[prod_1]prod_1=>frag_1+OH-->[frag_1]frag_1=>vinoxy+CH2O-->[CH2O]CH3OO+CH2O=>CH3OOH+HCO-->[CH3OOH]CH3OOH=>CH3O+OH-->[CH3O]CH3O+M=>CH2O+H+M-->[CH2O],
[OH]C3H8+OH=>ipropyl+H2O-->[ipropyl]O2+ipropyl=>HO2+C3H6-->[C3H6]C3H6+HO2=>propen1ol+OH-->[propen1ol],
[OH]C3H8+OH=>npropyl+H2O-->[npropyl]npropyloo+C3H8=>npropylooh+npropyl-->[npropylooh]npropylooh=>npropyloxy+OH-->[npropyloxy]npropyloxy=>C2H5+CH2O-->[CH2O],
[OH]C3H8+OH=>npropyl+H2O-->[npropyl]well_1=>OH+prod_1-->[prod_1]prod_1=>frag_1+OH-->[frag_1]frag_1=>vinoxy+CH2O-->[CH2O]CH2O+H=>HCO+H2-->[HCO]HCO+O2=>CO+HO2-->[CO],
[OH]C3H8+OH=>ipropyl+H2O-->[ipropyl]ipropyloo+C3H8=>ipropylooh+ipropyl-->[ipropylooh]ipropylooh=>ipropyloxy+OH-->[ipropyloxy]ipropyloxy=>CH3+acetaldehyde-->[acetaldehyde]acetaldehyde+HO2=>acetyl+H2O2-->[acetyl]acetyl(+M)=>CH3+CO(+M)-->[CO],
[OH]C3H8+OH=>ipropyl+H2O-->[ipropyl]ipropyloo=>HO2+C3H6-->[C3H6]H+C3H6=>npropyl-->[npropyl]npropyloo=>HO2+C3H6-->[C3H6],
[OH]C3H8+OH=>ipropyl+H2O-->[ipropyl]ipropyloo=>HO2+C3H6-->[C3H6]C3H6+OH=>allyl+H2O-->[allyl]npropyloo+allyl=>npropyloxy+allyloxy-->[allyloxy]allyloxy=>acrolein+H-->[acrolein],
[OH]C3H8+OH=>ipropyl+H2O-->[ipropyl]O2+ipropyl=>HO2+C3H6-->[C3H6]H+C3H6=>ipropyl-->[ipropyl]ipropyloo=>HO2+C3H6-->[C3H6],
[OH]C3H8+OH=>npropyl+H2O-->[npropyl]well_1=>OH+prod_1-->[prod_1]prod_1=>frag_1+OH-->[frag_1]frag_1=>vinoxy+CH2O-->[vinoxy]vinoxy+O2=>CH2O+CO+OH-->[CH2O]CH2O+OH=>HCO+H2O-->[HCO]HCO+O2=>formylperoxy-->[formylperoxy]formylperoxy=>HCO+O2-->[HCO]HCO+O2=>CO+HO2-->[CO],
[OH]C3H8+OH=>npropyl+H2O-->[npropyl]npropyloo+C3H8=>npropylooh+ipropyl-->[npropylooh]npropylooh=>npropyloxy+OH-->[npropyloxy]npropyloxy=>C2H5+CH2O-->[C2H5]CH3CH2OO=>C2H4+HO2-->[C2H4],
[OH]C3H8+OH=>npropyl+H2O-->[npropyl]well_1=>OH+prod_1-->[prod_1]prod_1=>frag_1+OH-->[frag_1]frag_1=>vinoxy+CH2O-->[CH2O]CH3OO+CH2O=>CH3OOH+HCO-->[CH3OOH]CH3OOH=>CH3O+OH-->[CH3O]CH3O+O2=>CH2O+HO2-->[CH2O],
[OH]C3H8+OH=>npropyl+H2O-->[npropyl]npropyloo+C3H8=>npropylooh+ipropyl-->[npropylooh]npropylooh=>npropyloxy+OH-->[npropyloxy]npropyloxy=>C2H5+CH2O-->[C2H5]C2H5+O2=>C2H4+HO2-->[C2H4],
[OH]C3H8+OH=>npropyl+H2O-->[npropyl]npropyloo=>HO2+C3H6-->[C3H6]C3H6+HO2=>propen1ol+OH-->[propen1ol],
[OH]C3H8+OH=>npropyl+H2O-->[npropyl]npropyloo+C3H8=>npropylooh+ipropyl-->[npropylooh]npropylooh=>npropyloxy+OH-->[npropyloxy]npropyloxy=>C2H5+CH2O-->[CH2O],
[OH]C3H8+OH=>npropyl+H2O-->[npropyl]npropyloo=>HO2+C3H6-->[C3H6]H+C3H6=>ipropyl-->[ipropyl]ipropyloo=>HO2+C3H6-->[C3H6],
[OH]C3H8+OH=>npropyl+H2O-->[npropyl]well_1=>OH+prod_1-->[prod_1]prod_1=>frag_1+OH-->[frag_1]frag_1=>vinoxy+CH2O-->[CH2O]CH3CH2OO+CH2O=>CH3CH2OOH+HCO-->[CH3CH2OOH]CH3CH2OOH=>ethoxy+OH-->[ethoxy]ethoxy=>CH3+CH2O-->[CH2O],
[OH]C3H8+OH=>npropyl+H2O-->[npropyl]well_1=>OH+prod_1-->[prod_1]prod_1=>frag_1+OH-->[frag_1]frag_1=>vinoxy+CH2O-->[CH2O]ipropyloo+CH2O=>ipropylooh+HCO-->[ipropylooh]ipropylooh=>ipropyloxy+OH-->[ipropyloxy]ipropyloxy=>CH3+acetaldehyde-->[acetaldehyde],
[OH]C3H8+OH=>npropyl+H2O-->[npropyl]well_1=>OH+prod_1-->[prod_1]prod_1=>frag_1+OH-->[frag_1]frag_1=>vinoxy+CH2O-->[CH2O]CH2O+HO2=>OCH2OOH-->[OCH2OOH]OCH2OOH=>CH2O+HO2-->[CH2O],
[OH]C3H8+OH=>ipropyl+H2O-->[ipropyl]ipropyloo+C3H8=>ipropylooh+npropyl-->[npropyl]well_1=>OH+prod_1-->[prod_1]prod_1=>frag_1+OH-->[frag_1]frag_1=>vinoxy+CH2O-->[vinoxy]vinoxy+O2=>CH2O+CO+OH-->[CO],
[OH]C3H8+OH=>ipropyl+H2O-->[ipropyl]ipropyloo=>QOOH_3-->[QOOH_3]QOOH_3=>OH+propoxide-->[propoxide],
[OH]C3H8+OH=>ipropyl+H2O-->[ipropyl]ipropyloo=>HO2+C3H6-->[C3H6]C3H6+OH=>allyl+H2O-->[allyl]allyl+CH3OO=>allyloxy+CH3O-->[allyloxy]allyloxy=>acrolein+H-->[acrolein],
[OH]C3H8+OH=>ipropyl+H2O-->[ipropyl]ipropyloo=>HO2+C3H6-->[C3H6]C3H6+OH=>propen1yl+H2O-->[propen1yl]propen1yl+O2=>acetaldehyde+HCO-->[acetaldehyde],
[OH]C3H8+OH=>npropyl+H2O-->[npropyl]well_1=>OH+prod_1-->[prod_1]prod_1=>frag_1+OH-->[frag_1]frag_1=>vinoxy+CH2O-->[CH2O]npropyloo+CH2O=>npropylooh+HCO-->[npropylooh]npropylooh=>npropyloxy+OH-->[npropyloxy]npropyloxy=>C2H5+CH2O-->[CH2O],
[OH]C3H8+OH=>npropyl+H2O-->[npropyl]npropyloo+C3H8=>npropylooh+ipropyl-->[ipropyl]O2+ipropyl=>HO2+C3H6-->[C3H6],
[OH]C3H8+OH=>ipropyl+H2O-->[ipropyl]ipropyloo=>HO2+C3H6-->[C3H6]C3H6+HO2=>allyl+H2O2-->[allyl]allyl+HO2=>allyloxy+OH-->[allyloxy]allyloxy=>acrolein+H-->[acrolein],
[OH]C3H8+OH=>ipropyl+H2O-->[ipropyl]ipropyloo=>HO2+C3H6-->[C3H6]C3H6+OH=>allyl+H2O-->[allyl]ipropyloo+allyl=>ipropyloxy+allyloxy-->[allyloxy]allyloxy=>acrolein+H-->[acrolein],
[OH]C3H8+OH=>ipropyl+H2O-->[ipropyl]ipropyloo=>OH+propoxide-->[propoxide],
[OH]C3H8+OH=>npropyl+H2O-->[npropyl]well_1=>OH+prod_1-->[prod_1]prod_1=>frag_1+OH-->[frag_1]frag_1=>vinoxy+CH2O-->[CH2O]CH2O+HO2=>HCO+H2O2-->[HCO]HCO+O2=>formylperoxy-->[formylperoxy]formylperoxy=>HCO+O2-->[HCO]HCO+O2=>CO+HO2-->[CO],
[OH]C3H8+OH=>ipropyl+H2O-->[ipropyl]O2+ipropyl=>HO2+C3H6-->[C3H6]HO2+C3H6=>OH+propoxide-->[propoxide],
[OH]C3H8+OH=>ipropyl+H2O-->[ipropyl]ipropyloo=>HO2+C3H6-->[C3H6]C3H6+OH=>allyl+H2O-->[allyl]npropyloo+allyl=>npropyloxy+allyloxy-->[npropyloxy]npropyloxy=>C2H5+CH2O-->[CH2O],
[OH]C3H8+OH=>ipropyl+H2O-->[ipropyl]O2+ipropyl=>HO2+C3H6-->[C3H6]C3H6+OH=>allyl+H2O-->[allyl]allyl+HO2=>prod_2-->[prod_2]prod_2=>allyloxy+OH-->[allyloxy]allyloxy=>acrolein+H-->[acrolein],
[OH]C3H8+OH=>ipropyl+H2O-->[ipropyl]ipropyloo=>HO2+C3H6-->[C3H6]C3H6+OH=>allyl+H2O-->[allyl]ipropyloo+allyl=>ipropyloxy+allyloxy-->[ipropyloxy]ipropyloxy=>CH3+acetaldehyde-->[acetaldehyde],
[OH]C3H8+OH=>ipropyl+H2O-->[ipropyl]ipropyloo=>HO2+C3H6-->[C3H6]HO2+C3H6=>ipropyloo-->[ipropyloo]ipropyloo=>HO2+C3H6-->[C3H6],
[OH]C3H8+OH=>npropyl+H2O-->[npropyl]npropyloo=>HO2+C3H6-->[C3H6]HO2+C3H6=>OH+propoxide-->[propoxide],
[OH]C3H8+OH=>ipropyl+H2O-->[ipropyl]ipropyloo+C3H8=>ipropylooh+npropyl-->[npropyl]well_1=>OH+prod_1-->[prod_1]prod_1=>frag_1+OH-->[frag_1]frag_1=>vinoxy+CH2O-->[CH2O]CH2O+OH=>HCO+H2O-->[HCO]HCO+O2=>CO+HO2-->[CO],
[OH]C3H8+OH=>ipropyl+H2O-->[ipropyl]ipropyloo=>HO2+C3H6-->[C3H6]C3H6+OH=>propen2yl+H2O-->[propen2yl]propen2yl+O2=>acetyl+CH2O-->[CH2O],
[OH]C3H8+OH=>npropyl+H2O-->[npropyl]npropyloo=>HO2+C3H6-->[C3H6]C3H6+OH=>allyl+H2O-->[allyl]allyl+HO2=>prod_2-->[prod_2]prod_2=>allyloxy+OH-->[allyloxy]allyloxy=>acrolein+H-->[acrolein],
[OH]C3H8+OH=>ipropyl+H2O-->[ipropyl]ipropyloo=>HO2+C3H6-->[C3H6]C3H6+OH=>allyl+H2O-->[allyl]allyl+CH3OO=>allyloxy+CH3O-->[CH3O]CH3O+M=>CH2O+H+M-->[CH2O],
[OH]C3H8+OH=>npropyl+H2O-->[npropyl]O2+QOOH_1=>OH+OH+frag_1-->[frag_1]frag_1=>vinoxy+CH2O-->[vinoxy]vinoxy+O2=>CH2O+CO+OH-->[CO],
[OH]C3H8+OH=>npropyl+H2O-->[npropyl]well_1=>OH+prod_1-->[prod_1]prod_1=>frag_1+OH-->[frag_1]frag_1=>vinoxy+CH2O-->[vinoxy]vinoxy+O2=>CH2O+CO+OH-->[CH2O]CH3OO+CH2O=>CH3OOH+HCO-->[CH3OOH]CH3OOH=>CH3O+OH-->[CH3O]CH3O+M=>CH2O+H+M-->[CH2O],
[OH]C3H8+OH=>npropyl+H2O-->[npropyl]well_1=>OH+prod_1-->[prod_1]prod_1=>frag_1+OH-->[frag_1]frag_1=>vinoxy+CH2O-->[vinoxy]vinoxy+O2=>CH2O+CO+OH-->[CH2O]CH2O+H=>HCO+H2-->[HCO]HCO+O2=>CO+HO2-->[CO],
[OH]C3H8+OH=>ipropyl+H2O-->[ipropyl]ipropyloo+C3H8=>ipropylooh+ipropyl-->[ipropylooh]ipropylooh=>ipropyloxy+OH-->[ipropyloxy]ipropyloxy=>CH3+acetaldehyde-->[CH3]CH3OO+C3H8=>CH3OOH+ipropyl-->[CH3OOH]CH3OOH=>CH3O+OH-->[CH3O]CH3O+O2=>CH2O+HO2-->[CH2O]CH2O+OH=>HCO+H2O-->[HCO]HCO+O2=>CO+HO2-->[CO],
[OH]C3H8+OH=>npropyl+H2O-->[npropyl]well_1=>OH+prod_1-->[prod_1]prod_1=>frag_1+OH-->[frag_1]frag_1=>vinoxy+CH2O-->[vinoxy]vinoxy+O2=>CH2O+CO+OH-->[CO]CO+OH=>CO2+H-->[CO2],
[OH]C3H8+OH=>ipropyl+H2O-->[ipropyl]ipropyloo=>HO2+C3H6-->[C3H6]C3H6+OH=>allyl+H2O-->[allyl]allyl+CH3OO=>allyloxy+CH3O-->[CH3O]CH3O+O2=>CH2O+HO2-->[CH2O],
[OH]C3H8+OH=>npropyl+H2O-->[npropyl]npropyloo+C3H8=>npropylooh+npropyl-->[npropylooh]npropylooh=>npropyloxy+OH-->[npropyloxy]npropyloxy=>C2H5+CH2O-->[CH2O]CH2O+HO2=>HCO+H2O2-->[HCO]HCO+O2=>CO+HO2-->[CO],
[OH]C3H8+OH=>ipropyl+H2O-->[ipropyl]ipropyloo+C3H8=>ipropylooh+npropyl-->[ipropylooh]ipropylooh=>ipropyloxy+OH-->[ipropyloxy]ipropyloxy=>CH3+acetaldehyde-->[CH3]CH3OO+C3H8=>CH3OOH+ipropyl-->[ipropyl]ipropyloo=>HO2+C3H6-->[C3H6],
[OH]C3H8+OH=>ipropyl+H2O-->[ipropyl]ipropyloo=>HO2+C3H6-->[C3H6]C3H6+OH=>allyl+H2O-->[allyl]allyl+HO2=>prod_2-->[prod_2]prod_2=>allyloxy+OH-->[allyloxy]vinoxylmethyl=>acrolein+H-->[acrolein],
[OH]C3H8+OH=>ipropyl+H2O-->[ipropyl]ipropyloo+C3H8=>ipropylooh+npropyl-->[npropyl]well_1=>OH+prod_1-->[prod_1]prod_1=>frag_1+OH-->[frag_1]frag_1=>vinoxy+CH2O-->[CH2O],
[OH]C3H8+OH=>npropyl+H2O-->[npropyl]well_1=>OH+prod_1-->[prod_1]prod_1=>frag_1+OH-->[frag_1]frag_1=>vinoxy+CH2O-->[vinoxy]vinoxy+O2=>CH2O+CO+OH-->[CH2O]CH3OO+CH2O=>CH3OOH+HCO-->[CH3OOH]CH3OOH=>CH3O+OH-->[CH3O]CH3O+O2=>CH2O+HO2-->[CH2O],
[OH]C3H8+OH=>ipropyl+H2O-->[ipropyl]ipropyloo+C3H8=>ipropylooh+ipropyl-->[ipropylooh]ipropylooh=>ipropyloxy+OH-->[ipropyloxy]ipropyloxy=>CH3+acetaldehyde-->[CH3]CH3OO+C3H8=>CH3OOH+ipropyl-->[CH3OOH]CH3OOH=>CH3O+OH-->[CH3O]CH3O+O2=>CH2O+HO2-->[CH2O],
[OH]C3H8+OH=>ipropyl+H2O-->[ipropyl]ipropyloo+C3H8=>ipropylooh+npropyl-->[npropyl]npropyloo=>HO2+C3H6-->[C3H6],
[OH]C3H8+OH=>npropyl+H2O-->[npropyl]well_1=>OH+prod_1-->[prod_1]prod_1=>frag_1+OH-->[frag_1]frag_1=>vinoxy+CH2O-->[CH2O]CH3CH2OO+CH2O=>CH3CH2OOH+HCO-->[CH3CH2OOH]CH3CH2OOH=>ethoxy+OH-->[ethoxy]ethoxy=>CH3+CH2O-->[CH2O]CH2O+OH=>HCO+H2O-->[HCO]HCO+O2=>CO+HO2-->[CO],
[OH]C3H8+OH=>npropyl+H2O-->[npropyl]well_1=>OH+prod_1-->[prod_1]prod_1=>frag_1+OH-->[frag_1]frag_1=>vinoxy+CH2O-->[vinoxy]vinoxy+O2=>CH2O+CO+OH-->[CH2O]CH3CH2OO+CH2O=>CH3CH2OOH+HCO-->[CH3CH2OOH]CH3CH2OOH=>ethoxy+OH-->[ethoxy]ethoxy=>CH3+CH2O-->[CH2O],
[OH]C3H8+OH=>ipropyl+H2O-->[ipropyl]O2+ipropyl=>OH+propoxide-->[propoxide],
[OH]C3H8+OH=>npropyl+H2O-->[npropyl]well_1=>OH+prod_1-->[prod_1]prod_1=>frag_1+OH-->[frag_1]frag_1=>vinoxy+CH2O-->[vinoxy]vinoxy+O2=>CH2O+CO+OH-->[CH2O]CH2O+HO2=>OCH2OOH-->[OCH2OOH]OCH2OOH=>CH2O+HO2-->[CH2O],
[OH]C3H8+OH=>npropyl+H2O-->[npropyl]well_1=>OH+prod_1-->[prod_1]prod_1=>frag_1+OH-->[frag_1]frag_1=>vinoxy+CH2O-->[CH2O]npropyloo+CH2O=>npropylooh+HCO-->[npropylooh]npropylooh=>npropyloxy+OH-->[npropyloxy]npropyloxy=>C2H5+CH2O-->[CH2O]CH2O+OH=>HCO+H2O-->[HCO]HCO+O2=>CO+HO2-->[CO],
[OH]C3H8+OH=>ipropyl+H2O-->[ipropyl]ipropyloo=>HO2+C3H6-->[C3H6]C3H6+OH=>propen2yl+H2O-->[propen2yl]propen2yl+O2=>acetyl+CH2O-->[acetyl]acetyl(+M)=>CH3+CO(+M)-->[CO],
[OH]C3H8+OH=>npropyl+H2O-->[npropyl]well_1=>OH+prod_1-->[prod_1]prod_1=>frag_1+OH-->[frag_1]frag_1=>vinoxy+CH2O-->[vinoxy]vinoxy+O2=>CH2O+CO+OH-->[CH2O]ipropyloo+CH2O=>ipropylooh+HCO-->[ipropylooh]ipropylooh=>ipropyloxy+OH-->[ipropyloxy]ipropyloxy=>CH3+acetaldehyde-->[acetaldehyde],
[OH]C3H8+OH=>npropyl+H2O-->[npropyl]npropyloo+C3H8=>npropylooh+ipropyl-->[npropylooh]npropylooh=>npropyloxy+OH-->[npropyloxy]npropyloxy=>C2H5+CH2O-->[CH2O]CH2O+HO2=>HCO+H2O2-->[HCO]HCO+O2=>CO+HO2-->[CO],
[OH]C3H8+OH=>ipropyl+H2O-->[ipropyl]ipropyloo=>HO2+C3H6-->[C3H6]C3H6+HO2=>allyl+H2O2-->[allyl]npropyloo+allyl=>npropyloxy+allyloxy-->[allyloxy]allyloxy=>acrolein+H-->[acrolein],
