[ipropylooh]ipropylooh=>ipropyloxy+OH-->[ipropyloxy],
[ipropylooh]ipropylooh=>ipropyloxy+OH-->[ipropyloxy]ipropyloxy=>CH3+acetaldehyde-->[CH3]CH3OO+C3H8=>CH3OOH+ipropyl-->[CH3OOH]CH3OOH=>CH3O+OH-->[CH3O],
[ipropylooh]ipropylooh=>ipropyloxy+OH-->[ipropyloxy]ipropyloxy=>CH3+acetaldehyde-->[acetaldehyde]acetaldehyde+HO2=>acetyl+H2O2-->[acetyl]acetyl(+M)=>CH3+CO(+M)-->[CH3]CH3OO+HO2=>CH3OOH+O2-->[CH3OOH]CH3OOH=>CH3O+OH-->[CH3O],
[ipropylooh]ipropylooh=>ipropyloxy+OH-->[ipropyloxy]ipropyloxy=>CH3+acetaldehyde-->[CH3]CH3OO+C3H8=>CH3OOH+npropyl-->[CH3OOH]CH3OOH=>CH3O+OH-->[CH3O],
[ipropylooh]ipropylooh=>ipropyloxy+OH-->[ipropyloxy]ipropyloxy=>CH3+acetaldehyde-->[acetaldehyde]acetaldehyde+OH=>vinoxy+H2O-->[vinoxy]vinoxy+O2=>CH2O+CO+OH-->[CO],
[ipropylooh]ipropylooh=>ipropyloxy+OH-->[ipropyloxy]ipropyloxy=>CH3+acetaldehyde-->[acetaldehyde]CH3OO+acetaldehyde=>CH3OOH+acetyl-->[CH3OOH]CH3OOH=>CH3O+OH-->[CH3O],
[ipropylooh]ipropylooh=>ipropyloxy+OH-->[ipropyloxy]ipropyloxy=>CH3+acetaldehyde-->[acetaldehyde]acetaldehyde+HO2=>acetyl+H2O2-->[acetyl]acetylperoxy+HO2=>CH3CO3H+O2-->[CH3CO3H]CH3CO3H=>acetyloxy+OH-->[acetyloxy],
[ipropylooh]ipropylooh=>ipropyloxy+OH-->[ipropyloxy]ipropyloxy=>CH3+acetaldehyde-->[acetaldehyde]acetaldehyde+HO2=>acetyl+H2O2-->[acetyl]H2O2+acetylperoxy=>HO2+CH3CO3H-->[CH3CO3H]CH3CO3H=>acetyloxy+OH-->[acetyloxy],
[ipropylooh]ipropylooh=>ipropyloxy+OH-->[ipropyloxy]ipropyloxy=>CH3+acetaldehyde-->[CH3]CH3OO+C3H8=>CH3OOH+ipropyl-->[ipropyl]ipropyloo=>HO2+C3H6-->[C3H6]C3H6+HO2=>propen1ol+OH-->[propen1ol],
[ipropylooh]ipropylooh=>ipropyloxy+OH-->[ipropyloxy]ipropyloxy=>CH3+acetaldehyde-->[acetaldehyde]acetaldehyde+HO2=>acetyl+H2O2-->[acetyl]acetyl(+M)=>CH3+CO(+M)-->[CH3]CH3OO+CH2O=>CH3OOH+HCO-->[CH3OOH]CH3OOH=>CH3O+OH-->[CH3O],
[ipropylooh]ipropylooh=>ipropyloxy+OH-->[ipropyloxy]ipropyloxy=>CH3+acetaldehyde-->[acetaldehyde]npropyloo+acetaldehyde=>npropylooh+acetyl-->[npropylooh]npropylooh=>npropyloxy+OH-->[npropyloxy],
[ipropylooh]ipropylooh=>ipropyloxy+OH-->[ipropyloxy]ipropyloxy=>CH3+acetaldehyde-->[acetaldehyde]ipropyloo+acetaldehyde=>ipropylooh+acetyl-->[ipropylooh]ipropylooh=>ipropyloxy+OH-->[ipropyloxy],
[ipropylooh]ipropylooh=>ipropyloxy+OH-->[ipropyloxy]ipropyloxy=>CH3+acetaldehyde-->[CH3]CH3OO+C3H8=>CH3OOH+ipropyl-->[ipropyl]ipropyloo+C3H8=>ipropylooh+ipropyl-->[ipropylooh]ipropylooh=>ipropyloxy+OH-->[ipropyloxy],
[ipropylooh]ipropylooh=>ipropyloxy+OH-->[ipropyloxy]ipropyloxy=>CH3+acetaldehyde-->[CH3]CH3OO+C3H8=>CH3OOH+ipropyl-->[ipropyl]ipropyloo=>HO2+C3H6-->[C3H6]HO2+C3H6=>OH+propoxide-->[propoxide],
[ipropylooh]ipropylooh=>ipropyloxy+OH-->[ipropyloxy]ipropyloxy=>CH3+acetaldehyde-->[CH3]CH3OO+C3H8=>CH3OOH+ipropyl-->[ipropyl]ipropyloo=>HO2+C3H6-->[C3H6]C3H6+OH=>allyl+H2O-->[allyl]allyl+HO2=>prod_2-->[prod_2]prod_2=>allyloxy+OH-->[allyloxy],
[ipropylooh]ipropylooh=>ipropyloxy+OH-->[ipropyloxy]ipropyloxy=>CH3+acetaldehyde-->[acetaldehyde]CH3OO+acetaldehyde=>CH3OOH+acetyl-->[acetyl]acetyl(+M)=>CH3+CO(+M)-->[CH3]CH3OO+HO2=>CH3OOH+O2-->[CH3OOH]CH3OOH=>CH3O+OH-->[CH3O],
[ipropylooh]ipropylooh=>ipropyloxy+OH-->[ipropyloxy]ipropyloxy=>CH3+acetaldehyde-->[CH3]CH3OO+C3H8=>CH3OOH+ipropyl-->[ipropyl]ipropyloo=>HO2+C3H6-->[C3H6]C3H6+HO2=>allyl+H2O2-->[allyl]allyl+HO2=>prod_2-->[prod_2]prod_2=>allyloxy+OH-->[allyloxy],
[ipropylooh]ipropylooh=>ipropyloxy+OH-->[ipropyloxy]ipropyloxy=>CH3+acetaldehyde-->[acetaldehyde]acetaldehyde+HO2=>acetyl+H2O2-->[acetyl]acetyl(+M)=>CH3+CO(+M)-->[CH3]CH3OO+C3H8=>CH3OOH+ipropyl-->[CH3OOH]CH3OOH=>CH3O+OH-->[CH3O],
[ipropylooh]ipropylooh=>ipropyloxy+OH-->[ipropyloxy]ipropyloxy=>CH3+acetaldehyde-->[acetaldehyde]CH3OO+acetaldehyde=>CH3OOH+acetyl-->[acetyl]acetylperoxy+HO2=>CH3CO3H+O2-->[CH3CO3H]CH3CO3H=>acetyloxy+OH-->[acetyloxy],
[ipropylooh]ipropylooh=>ipropyloxy+OH-->[ipropyloxy]ipropyloxy=>CH3+acetaldehyde-->[CH3]CH3OO+C3H8=>CH3OOH+ipropyl-->[CH3OOH]CH3OOH=>CH3O+OH-->[CH3O]CH3O+O2=>CH2O+HO2-->[CH2O]CH3OO+CH2O=>CH3OOH+HCO-->[CH3OOH]CH3OOH=>CH3O+OH-->[CH3O],
[ipropylooh]ipropylooh=>ipropyloxy+OH-->[ipropyloxy]ipropyloxy=>CH3+acetaldehyde-->[acetaldehyde]acetaldehyde+acetylperoxy=>acetyl+CH3CO3H-->[CH3CO3H]CH3CO3H=>acetyloxy+OH-->[acetyloxy],
[ipropylooh]ipropylooh=>ipropyloxy+OH-->[ipropyloxy]ipropyloxy=>CH3+acetaldehyde-->[CH3]CH3OO+C3H8=>CH3OOH+ipropyl-->[ipropyl]ipropyloo=>HO2+C3H6-->[C3H6]HO2+C3H6=>QOOH_2-->[QOOH_2]QOOH_2=>OH+propoxide-->[propoxide],
[ipropylooh]ipropylooh=>ipropyloxy+OH-->[ipropyloxy]ipropyloxy=>CH3+acetaldehyde-->[acetaldehyde]acetaldehyde+HO2=>acetyl+H2O2-->[acetyl]CH2O+acetylperoxy=>HCO+CH3CO3H-->[CH3CO3H]CH3CO3H=>acetyloxy+OH-->[acetyloxy],
[ipropylooh]ipropylooh=>ipropyloxy+OH-->[ipropyloxy]ipropyloxy=>CH3+acetaldehyde-->[CH3]CH3OO+C3H8=>CH3OOH+ipropyl-->[CH3OOH]CH3OOH=>CH3O+OH-->[CH3O]CH3O+O2=>CH2O+HO2-->[CH2O]CH3CH2OO+CH2O=>CH3CH2OOH+HCO-->[CH3CH2OOH]CH3CH2OOH=>ethoxy+OH-->[ethoxy],
[ipropylooh]ipropylooh=>ipropyloxy+OH-->[ipropyloxy]ipropyloxy=>CH3+acetaldehyde-->[CH3]CH3OO+C3H8=>CH3OOH+ipropyl-->[CH3OOH]CH3OOH=>CH3O+OH-->[CH3O]CH3O+M=>CH2O+H+M-->[CH2O]CH3OO+CH2O=>CH3OOH+HCO-->[CH3OOH]CH3OOH=>CH3O+OH-->[CH3O],
[ipropylooh]ipropylooh=>ipropyloxy+OH-->[ipropyloxy]ipropyloxy=>CH3+acetaldehyde-->[CH3]CH3OO+C3H8=>CH3OOH+ipropyl-->[CH3OOH]CH3OOH=>CH3O+OH-->[CH3O]CH3O+O2=>CH2O+HO2-->[CH2O]ipropyloo+CH2O=>ipropylooh+HCO-->[ipropylooh]ipropylooh=>ipropyloxy+OH-->[ipropyloxy],
[ipropylooh]ipropylooh=>ipropyloxy+OH-->[ipropyloxy]ipropyloxy=>CH3+acetaldehyde-->[CH3]CH3OO+C3H8=>CH3OOH+ipropyl-->[CH3OOH]CH3OOH=>CH3O+OH-->[CH3O]CH3O+O2=>CH2O+HO2-->[CH2O]npropyloo+CH2O=>npropylooh+HCO-->[npropylooh]npropylooh=>npropyloxy+OH-->[npropyloxy],
[ipropylooh]ipropylooh=>ipropyloxy+OH-->[ipropyloxy]ipropyloxy=>CH3+acetaldehyde-->[CH3]CH3OO+C3H8=>CH3OOH+ipropyl-->[ipropyl]ipropyloo=>HO2+C3H6-->[C3H6]C3H6+OH=>allyl+H2O-->[allyl]allyl+HO2=>allyloxy+OH-->[allyloxy],
[ipropylooh]ipropylooh=>ipropyloxy+OH-->[ipropyloxy]ipropyloxy=>CH3+acetaldehyde-->[CH3]CH3OO+C3H8=>CH3OOH+ipropyl-->[ipropyl]ipropyloo+C3H8=>ipropylooh+npropyl-->[ipropylooh]ipropylooh=>ipropyloxy+OH-->[ipropyloxy],
[ipropylooh]ipropylooh=>ipropyloxy+OH-->[ipropyloxy]ipropyloxy=>CH3+acetaldehyde-->[acetaldehyde]acetaldehyde+HO2=>acetyl+H2O2-->[acetyl]acetyl(+M)=>CH3+CO(+M)-->[CH3]CH3OO+acetaldehyde=>CH3OOH+acetyl-->[CH3OOH]CH3OOH=>CH3O+OH-->[CH3O],
[ipropylooh]ipropylooh=>ipropyloxy+OH-->[ipropyloxy]ipropyloxy=>CH3+acetaldehyde-->[acetaldehyde]npropyloo+acetaldehyde=>npropylooh+acetyl-->[acetyl]acetyl(+M)=>CH3+CO(+M)-->[CH3]CH3OO+HO2=>CH3OOH+O2-->[CH3OOH]CH3OOH=>CH3O+OH-->[CH3O],
[ipropylooh]ipropylooh=>ipropyloxy+OH-->[ipropyloxy]ipropyloxy=>CH3+acetaldehyde-->[acetaldehyde]acetaldehyde+HO2=>acetyl+H2O2-->[acetyl]acetylperoxy+HO2=>CH3CO3H+O2-->[CH3CO3H]CH3CO3H=>acetyloxy+OH-->[acetyloxy]acetyloxy+M=>CH3+CO2+M-->[CH3]CH3OO+HO2=>CH3OOH+O2-->[CH3OOH]CH3OOH=>CH3O+OH-->[CH3O],
[ipropylooh]ipropylooh=>ipropyloxy+OH-->[ipropyloxy]ipropyloxy=>CH3+acetaldehyde-->[acetaldehyde]acetaldehyde+HO2=>acetyl+H2O2-->[acetyl]H2O2+acetylperoxy=>HO2+CH3CO3H-->[CH3CO3H]CH3CO3H=>acetyloxy+OH-->[acetyloxy]acetyloxy+M=>CH3+CO2+M-->[CH3]CH3OO+HO2=>CH3OOH+O2-->[CH3OOH]CH3OOH=>CH3O+OH-->[CH3O],
[ipropylooh]ipropylooh=>ipropyloxy+OH-->[ipropyloxy]ipropyloxy=>CH3+acetaldehyde-->[CH3]CH3OO+C3H8=>CH3OOH+ipropyl-->[ipropyl]O2+ipropyl=>HO2+C3H6-->[C3H6]C3H6+HO2=>propen1ol+OH-->[propen1ol],
[ipropylooh]ipropylooh=>ipropyloxy+OH-->[ipropyloxy]ipropyloxy=>CH3+acetaldehyde-->[acetaldehyde]ipropyloo+acetaldehyde=>ipropylooh+acetyl-->[ipropylooh]ipropylooh=>ipropyloxy+OH-->[ipropyloxy]ipropyloxy=>CH3+acetaldehyde-->[CH3]CH3OO+HO2=>CH3OOH+O2-->[CH3OOH]CH3OOH=>CH3O+OH-->[CH3O],
[ipropylooh]ipropylooh=>ipropyloxy+OH-->[ipropyloxy]ipropyloxy=>CH3+acetaldehyde-->[CH3]CH3OO+C3H8=>CH3OOH+ipropyl-->[CH3OOH]CH3OOH=>CH3O+OH-->[CH3O]CH3O+M=>CH2O+H+M-->[CH2O]CH3CH2OO+CH2O=>CH3CH2OOH+HCO-->[CH3CH2OOH]CH3CH2OOH=>ethoxy+OH-->[ethoxy],
[ipropylooh]ipropylooh=>ipropyloxy+OH-->[ipropyloxy]ipropyloxy=>CH3+acetaldehyde-->[CH3]CH3OO+C3H8=>CH3OOH+ipropyl-->[CH3OOH]CH3OOH=>CH3O+OH-->[CH3O]CH3O+M=>CH2O+H+M-->[CH2O]ipropyloo+CH2O=>ipropylooh+HCO-->[ipropylooh]ipropylooh=>ipropyloxy+OH-->[ipropyloxy],
[ipropylooh]ipropylooh=>ipropyloxy+OH-->[ipropyloxy]ipropyloxy=>CH3+acetaldehyde-->[CH3]CH3OO+C3H8=>CH3OOH+ipropyl-->[CH3OOH]CH3OOH=>CH3O+OH-->[CH3O]CH3O+M=>CH2O+H+M-->[CH2O]npropyloo+CH2O=>npropylooh+HCO-->[npropylooh]npropylooh=>npropyloxy+OH-->[npropyloxy],
[ipropylooh]ipropylooh=>ipropyloxy+OH-->[ipropyloxy]ipropyloxy=>CH3+acetaldehyde-->[acetaldehyde]CH3OO+acetaldehyde=>CH3OOH+acetyl-->[acetyl]H2O2+acetylperoxy=>HO2+CH3CO3H-->[CH3CO3H]CH3CO3H=>acetyloxy+OH-->[acetyloxy],
[ipropylooh]ipropylooh=>ipropyloxy+OH-->[ipropyloxy]ipropyloxy=>CH3+acetaldehyde-->[CH3]CH3OO+C3H8=>CH3OOH+ipropyl-->[ipropyl]ipropyloo=>QOOH_3-->[QOOH_3]QOOH_3=>OH+propoxide-->[propoxide],
[ipropylooh]ipropylooh=>ipropyloxy+OH-->[ipropyloxy]ipropyloxy=>CH3+acetaldehyde-->[acetaldehyde]acetaldehyde+HO2=>acetyl+H2O2-->[acetyl]acetaldehyde+acetylperoxy=>acetyl+CH3CO3H-->[CH3CO3H]CH3CO3H=>acetyloxy+OH-->[acetyloxy],
[ipropylooh]ipropylooh=>ipropyloxy+OH-->[ipropyloxy]ipropyloxy=>CH3+acetaldehyde-->[CH3]CH3OO+C3H8=>CH3OOH+ipropyl-->[ipropyl]ipropyloo=>HO2+C3H6-->[C3H6]C3H6+HO2=>allyl+H2O2-->[allyl]allyl+HO2=>allyloxy+OH-->[allyloxy],
[ipropylooh]ipropylooh=>ipropyloxy+OH-->[ipropyloxy]ipropyloxy=>CH3+acetaldehyde-->[acetaldehyde]ipropyloo+acetaldehyde=>ipropylooh+acetyl-->[acetyl]acetyl(+M)=>CH3+CO(+M)-->[CH3]CH3OO+HO2=>CH3OOH+O2-->[CH3OOH]CH3OOH=>CH3O+OH-->[CH3O],
[ipropylooh]ipropylooh=>ipropyloxy+OH-->[ipropyloxy]ipropyloxy=>CH3+acetaldehyde-->[acetaldehyde]acetaldehyde+HO2=>acetyl+H2O2-->[acetyl]C3H8+acetylperoxy=>ipropyl+CH3CO3H-->[CH3CO3H]CH3CO3H=>acetyloxy+OH-->[acetyloxy],
[ipropylooh]ipropylooh=>ipropyloxy+OH-->[ipropyloxy]ipropyloxy=>CH3+acetaldehyde-->[acetaldehyde]acetaldehyde+HO2=>acetyl+H2O2-->[acetyl]acetyl(+M)=>CH3+CO(+M)-->[CH3]CH3OO+C3H8=>CH3OOH+npropyl-->[CH3OOH]CH3OOH=>CH3O+OH-->[CH3O],
[ipropylooh]ipropylooh=>ipropyloxy+OH-->[ipropyloxy]ipropyloxy=>CH3+acetaldehyde-->[CH3]CH3OO+C3H8=>CH3OOH+ipropyl-->[ipropyl]ipropyloo=>OH+propoxide-->[propoxide],
[ipropylooh]ipropylooh=>ipropyloxy+OH-->[ipropyloxy]ipropyloxy=>CH3+acetaldehyde-->[acetaldehyde]acetaldehyde+HO2=>acetyl+H2O2-->[acetyl]acetyl(+M)=>CH3+CO(+M)-->[CH3]CH3+HO2=>CH3O+OH-->[CH3O],
[ipropylooh]ipropylooh=>ipropyloxy+OH-->[ipropyloxy]ipropyloxy=>CH3+acetaldehyde-->[CH3]CH3OO+C3H8=>CH3OOH+ipropyl-->[ipropyl]O2+ipropyl=>HO2+C3H6-->[C3H6]HO2+C3H6=>OH+propoxide-->[propoxide],
[ipropylooh]ipropylooh=>ipropyloxy+OH-->[ipropyloxy]ipropyloxy=>CH3+acetaldehyde-->[acetaldehyde]npropyloo+acetaldehyde=>npropylooh+acetyl-->[acetyl]acetylperoxy+HO2=>CH3CO3H+O2-->[CH3CO3H]CH3CO3H=>acetyloxy+OH-->[acetyloxy],
[ipropylooh]ipropylooh=>ipropyloxy+OH-->[ipropyloxy]ipropyloxy=>CH3+acetaldehyde-->[acetaldehyde]ipropyloo+acetaldehyde=>ipropylooh+acetyl-->[acetyl]acetylperoxy+HO2=>CH3CO3H+O2-->[CH3CO3H]CH3CO3H=>acetyloxy+OH-->[acetyloxy],
[ipropylooh]ipropylooh=>ipropyloxy+OH-->[ipropyloxy]ipropyloxy=>CH3+acetaldehyde-->[CH3]CH3OO+C3H8=>CH3OOH+ipropyl-->[ipropyl]O2+ipropyl=>HO2+C3H6-->[C3H6]C3H6+OH=>allyl+H2O-->[allyl]allyl+HO2=>prod_2-->[prod_2]prod_2=>allyloxy+OH-->[allyloxy],
[ipropylooh]ipropylooh=>ipropyloxy+OH-->[ipropyloxy]ipropyloxy=>CH3+acetaldehyde-->[CH3]CH3OO+HO2=>CH3OOH+O2-->[CH3OOH]CH3OOH=>CH3O+OH-->[CH3O],
[ipropylooh]ipropylooh=>ipropyloxy+OH-->[ipropyloxy]ipropyloxy=>CH3+acetaldehyde-->[CH3]CH3OO+C3H8=>CH3OOH+ipropyl-->[ipropyl]ipropyloo+C3H8=>ipropylooh+ipropyl-->[ipropylooh]ipropylooh=>ipropyloxy+OH-->[ipropyloxy]ipropyloxy=>CH3+acetaldehyde-->[CH3]CH3OO+C3H8=>CH3OOH+ipropyl-->[CH3OOH]CH3OOH=>CH3O+OH-->[CH3O],
[ipropylooh]ipropylooh=>ipropyloxy+OH-->[ipropyloxy]ipropyloxy=>CH3+acetaldehyde-->[CH3]CH3OO+C3H8=>CH3OOH+npropyl-->[CH3OOH]CH3OOH=>CH3O+OH-->[CH3O]CH3O+O2=>CH2O+HO2-->[CH2O]CH3OO+CH2O=>CH3OOH+HCO-->[CH3OOH]CH3OOH=>CH3O+OH-->[CH3O],
[ipropylooh]ipropylooh=>ipropyloxy+OH-->[ipropyloxy]ipropyloxy=>CH3+acetaldehyde-->[acetaldehyde]acetaldehyde+H=>acetyl+H2-->[acetyl]acetyl(+M)=>CH3+CO(+M)-->[CH3]CH3OO+HO2=>CH3OOH+O2-->[CH3OOH]CH3OOH=>CH3O+OH-->[CH3O],
[ipropylooh]ipropylooh=>ipropyloxy+OH-->[ipropyloxy]ipropyloxy=>CH3+acetaldehyde-->[acetaldehyde]acetaldehyde+HO2=>acetyl+H2O2-->[acetyl]C3H8+acetylperoxy=>npropyl+CH3CO3H-->[CH3CO3H]CH3CO3H=>acetyloxy+OH-->[acetyloxy],
[ipropylooh]ipropylooh=>ipropyloxy+OH-->[ipropyloxy]ipropyloxy=>CH3+acetaldehyde-->[CH3]CH3OO+C3H8=>CH3OOH+ipropyl-->[CH3OOH]CH3OOH=>CH3O+OH-->[CH3O]CH3O+O2=>CH2O+HO2-->[CH2O]CH3CH2OO+CH2O=>CH3CH2OOH+HCO-->[CH3CH2OOH]CH3CH2OOH=>ethoxy+OH-->[ethoxy]ethoxy=>CH3+CH2O-->[CH3]CH3OO+HO2=>CH3OOH+O2-->[CH3OOH]CH3OOH=>CH3O+OH-->[CH3O],
[ipropylooh]ipropylooh=>ipropyloxy+OH-->[ipropyloxy]ipropyloxy=>CH3+acetaldehyde-->[acetaldehyde]npropyloo+acetaldehyde=>npropylooh+acetyl-->[npropylooh]npropylooh=>npropyloxy+OH-->[npropyloxy]npropyloxy=>C2H5+CH2O-->[C2H5]CH3CH2OO+HO2=>CH3CH2OOH+O2-->[CH3CH2OOH]CH3CH2OOH=>ethoxy+OH-->[ethoxy],
[ipropylooh]ipropylooh=>ipropyloxy+OH-->[ipropyloxy]ipropyloxy=>CH3+acetaldehyde-->[CH3]CH3OO+C3H8=>CH3OOH+ipropyl-->[ipropyl]O2+ipropyl=>OH+propoxide-->[propoxide],
[ipropylooh]ipropylooh=>ipropyloxy+OH-->[ipropyloxy]ipropyloxy=>CH3+acetaldehyde-->[CH3]CH3OO+C3H8=>CH3OOH+npropyl-->[CH3OOH]CH3OOH=>CH3O+OH-->[CH3O]CH3O+O2=>CH2O+HO2-->[CH2O]CH3CH2OO+CH2O=>CH3CH2OOH+HCO-->[CH3CH2OOH]CH3CH2OOH=>ethoxy+OH-->[ethoxy],
[ipropylooh]ipropylooh=>ipropyloxy+OH-->[ipropyloxy]ipropyloxy=>CH3+acetaldehyde-->[CH3]CH3OO+C3H8=>CH3OOH+npropyl-->[CH3OOH]CH3OOH=>CH3O+OH-->[CH3O]CH3O+M=>CH2O+H+M-->[CH2O]CH3OO+CH2O=>CH3OOH+HCO-->[CH3OOH]CH3OOH=>CH3O+OH-->[CH3O],
[ipropylooh]ipropylooh=>ipropyloxy+OH-->[ipropyloxy]ipropyloxy=>CH3+acetaldehyde-->[CH3]CH3OO+C3H8=>CH3OOH+npropyl-->[CH3OOH]CH3OOH=>CH3O+OH-->[CH3O]CH3O+O2=>CH2O+HO2-->[CH2O]ipropyloo+CH2O=>ipropylooh+HCO-->[ipropylooh]ipropylooh=>ipropyloxy+OH-->[ipropyloxy],
[ipropylooh]ipropylooh=>ipropyloxy+OH-->[ipropyloxy]ipropyloxy=>CH3+acetaldehyde-->[CH3]CH3OO+C3H8=>CH3OOH+npropyl-->[CH3OOH]CH3OOH=>CH3O+OH-->[CH3O]CH3O+O2=>CH2O+HO2-->[CH2O]npropyloo+CH2O=>npropylooh+HCO-->[npropylooh]npropylooh=>npropyloxy+OH-->[npropyloxy],
[ipropylooh]ipropylooh=>ipropyloxy+OH-->[ipropyloxy]ipropyloxy=>CH3+acetaldehyde-->[CH3]CH3OO+C3H8=>CH3OOH+ipropyl-->[ipropyl]O2+ipropyl=>HO2+C3H6-->[C3H6]C3H6+HO2=>allyl+H2O2-->[allyl]allyl+HO2=>prod_2-->[prod_2]prod_2=>allyloxy+OH-->[allyloxy],
[ipropylooh]ipropylooh=>ipropyloxy+OH-->[ipropyloxy]ipropyloxy=>CH3+acetaldehyde-->[acetaldehyde]CH3OO+acetaldehyde=>CH3OOH+acetyl-->[acetyl]acetyl(+M)=>CH3+CO(+M)-->[CH3]CH3OO+CH2O=>CH3OOH+HCO-->[CH3OOH]CH3OOH=>CH3O+OH-->[CH3O],
[ipropylooh]ipropylooh=>ipropyloxy+OH-->[ipropyloxy]ipropyloxy=>CH3+acetaldehyde-->[CH3]CH3OO+C3H8=>CH3OOH+ipropyl-->[CH3OOH]CH3OOH=>CH3O+OH-->[CH3O]CH3O+M=>CH2O+H+M-->[CH2O]CH3CH2OO+CH2O=>CH3CH2OOH+HCO-->[CH3CH2OOH]CH3CH2OOH=>ethoxy+OH-->[ethoxy]ethoxy=>CH3+CH2O-->[CH3]CH3OO+HO2=>CH3OOH+O2-->[CH3OOH]CH3OOH=>CH3O+OH-->[CH3O],
[ipropylooh]ipropylooh=>ipropyloxy+OH-->[ipropyloxy]ipropyloxy=>CH3+acetaldehyde-->[acetaldehyde]acetaldehyde+OH=>acetyl+H2O-->[acetyl]acetyl(+M)=>CH3+CO(+M)-->[CH3]CH3OO+HO2=>CH3OOH+O2-->[CH3OOH]CH3OOH=>CH3O+OH-->[CH3O],
[ipropylooh]ipropylooh=>ipropyloxy+OH-->[ipropyloxy]ipropyloxy=>CH3+acetaldehyde-->[CH3]CH3OO+C3H8=>CH3OOH+npropyl-->[CH3OOH]CH3OOH=>CH3O+OH-->[CH3O]CH3O+M=>CH2O+H+M-->[CH2O]CH3CH2OO+CH2O=>CH3CH2OOH+HCO-->[CH3CH2OOH]CH3CH2OOH=>ethoxy+OH-->[ethoxy],
[ipropylooh]ipropylooh=>ipropyloxy+OH-->[ipropyloxy]ipropyloxy=>CH3+acetaldehyde-->[acetaldehyde]npropyloo+acetaldehyde=>npropylooh+acetyl-->[acetyl]H2O2+acetylperoxy=>HO2+CH3CO3H-->[CH3CO3H]CH3CO3H=>acetyloxy+OH-->[acetyloxy],
[ipropylooh]ipropylooh=>ipropyloxy+OH-->[ipropyloxy]ipropyloxy=>CH3+acetaldehyde-->[CH3]CH3OO+C3H8=>CH3OOH+npropyl-->[CH3OOH]CH3OOH=>CH3O+OH-->[CH3O]CH3O+M=>CH2O+H+M-->[CH2O]ipropyloo+CH2O=>ipropylooh+HCO-->[ipropylooh]ipropylooh=>ipropyloxy+OH-->[ipropyloxy],
[ipropylooh]ipropylooh=>ipropyloxy+OH-->[ipropyloxy]ipropyloxy=>CH3+acetaldehyde-->[CH3]CH3OO+C3H8=>CH3OOH+npropyl-->[CH3OOH]CH3OOH=>CH3O+OH-->[CH3O]CH3O+M=>CH2O+H+M-->[CH2O]npropyloo+CH2O=>npropylooh+HCO-->[npropylooh]npropylooh=>npropyloxy+OH-->[npropyloxy],
[ipropylooh]ipropylooh=>ipropyloxy+OH-->[ipropyloxy]ipropyloxy=>CH3+acetaldehyde-->[CH3]CH3OO+C3H8=>CH3OOH+ipropyl-->[CH3OOH]CH3OOH=>CH3O+OH-->[CH3O]CH3O+O2=>CH2O+HO2-->[CH2O]ipropyloo+CH2O=>ipropylooh+HCO-->[ipropylooh]ipropylooh=>ipropyloxy+OH-->[ipropyloxy]ipropyloxy=>CH3+acetaldehyde-->[CH3]CH3OO+HO2=>CH3OOH+O2-->[CH3OOH]CH3OOH=>CH3O+OH-->[CH3O],
[ipropylooh]ipropylooh=>ipropyloxy+OH-->[ipropyloxy]ipropyloxy=>CH3+acetaldehyde-->[acetaldehyde]CH3OO+acetaldehyde=>CH3OOH+acetyl-->[acetyl]CH2O+acetylperoxy=>HCO+CH3CO3H-->[CH3CO3H]CH3CO3H=>acetyloxy+OH-->[acetyloxy],
[ipropylooh]ipropylooh=>ipropyloxy+OH-->[ipropyloxy]ipropyloxy=>CH3+acetaldehyde-->[CH3]CH3OO+C3H8=>CH3OOH+ipropyl-->[ipropyl]O2+ipropyl=>HO2+C3H6-->[C3H6]HO2+C3H6=>QOOH_2-->[QOOH_2]QOOH_2=>OH+propoxide-->[propoxide],
[ipropylooh]ipropylooh=>ipropyloxy+OH-->[ipropyloxy]ipropyloxy=>CH3+acetaldehyde-->[acetaldehyde]acetaldehyde+HO2=>acetyl+H2O2-->[acetyl]CH2O+acetylperoxy=>HCO+CH3CO3H-->[CH3CO3H]CH3CO3H=>acetyloxy+OH-->[acetyloxy]acetyloxy+M=>CH3+CO2+M-->[CH3]CH3OO+HO2=>CH3OOH+O2-->[CH3OOH]CH3OOH=>CH3O+OH-->[CH3O],
[ipropylooh]ipropylooh=>ipropyloxy+OH-->[ipropyloxy]ipropyloxy=>CH3+acetaldehyde-->[acetaldehyde]acetaldehyde+acetylperoxy=>acetyl+CH3CO3H-->[CH3CO3H]CH3CO3H=>acetyloxy+OH-->[acetyloxy]acetyloxy+M=>CH3+CO2+M-->[CH3]CH3OO+HO2=>CH3OOH+O2-->[CH3OOH]CH3OOH=>CH3O+OH-->[CH3O],
[ipropylooh]ipropylooh=>ipropyloxy+OH-->[ipropyloxy]ipropyloxy=>CH3+acetaldehyde-->[acetaldehyde]ipropyloo+acetaldehyde=>ipropylooh+acetyl-->[acetyl]H2O2+acetylperoxy=>HO2+CH3CO3H-->[CH3CO3H]CH3CO3H=>acetyloxy+OH-->[acetyloxy],
[ipropylooh]ipropylooh=>ipropyloxy+OH-->[ipropyloxy]ipropyloxy=>CH3+acetaldehyde-->[acetaldehyde]CH3OO+acetaldehyde=>CH3OOH+acetyl-->[acetyl]acetylperoxy+HO2=>CH3CO3H+O2-->[CH3CO3H]CH3CO3H=>acetyloxy+OH-->[acetyloxy]acetyloxy+M=>CH3+CO2+M-->[CH3]CH3OO+HO2=>CH3OOH+O2-->[CH3OOH]CH3OOH=>CH3O+OH-->[CH3O],
[ipropylooh]ipropylooh=>ipropyloxy+OH-->[ipropyloxy]ipropyloxy=>CH3+acetaldehyde-->[CH3]CH3OO+C3H8=>CH3OOH+ipropyl-->[CH3OOH]CH3OOH=>CH3O+OH-->[CH3O]CH3O+M=>CH2O+H+M-->[CH2O]ipropyloo+CH2O=>ipropylooh+HCO-->[ipropylooh]ipropylooh=>ipropyloxy+OH-->[ipropyloxy]ipropyloxy=>CH3+acetaldehyde-->[CH3]CH3OO+HO2=>CH3OOH+O2-->[CH3OOH]CH3OOH=>CH3O+OH-->[CH3O],
[ipropylooh]ipropylooh=>ipropyloxy+OH-->[ipropyloxy]ipropyloxy=>CH3+acetaldehyde-->[CH3]CH3OO+C3H8=>CH3OOH+ipropyl-->[ipropyl]ipropyloo=>HO2+C3H6-->[C3H6]H+C3H6=>ipropyl-->[ipropyl]ipropyloo+HO2=>ipropylooh+O2-->[ipropylooh]ipropylooh=>ipropyloxy+OH-->[ipropyloxy],
[ipropylooh]ipropylooh=>ipropyloxy+OH-->[ipropyloxy]ipropyloxy=>CH3+acetaldehyde-->[acetaldehyde]acetaldehyde+HO2=>acetyl+H2O2-->[acetyl]acetyl(+M)=>CH3+CO(+M)-->[CH3]CH3OO+acetaldehyde=>CH3OOH+acetyl-->[acetyl]acetyl(+M)=>CH3+CO(+M)-->[CH3]CH3OO+HO2=>CH3OOH+O2-->[CH3OOH]CH3OOH=>CH3O+OH-->[CH3O],
[ipropylooh]ipropylooh=>ipropyloxy+OH-->[ipropyloxy]ipropyloxy=>CH3+acetaldehyde-->[CH3]CH3OO+C3H8=>CH3OOH+ipropyl-->[ipropyl]O2+ipropyl=>HO2+C3H6-->[C3H6]C3H6+OH=>allyl+H2O-->[allyl]allyl+HO2=>allyloxy+OH-->[allyloxy],
[ipropylooh]ipropylooh=>ipropyloxy+OH-->[ipropyloxy]ipropyloxy=>CH3+acetaldehyde-->[acetaldehyde]acetaldehyde+HO2=>acetyl+H2O2-->[acetyl]acetyl(+M)=>CH3+CO(+M)-->[CO]CO+HO2=>CO2+OH-->[CO2],
[ipropylooh]ipropylooh=>ipropyloxy+OH-->[ipropyloxy]ipropyloxy=>CH3+acetaldehyde-->[CH3]CH3OO+C3H8=>CH3OOH+ipropyl-->[ipropyl]ipropyloo+C3H8=>ipropylooh+ipropyl-->[ipropylooh]ipropylooh=>ipropyloxy+OH-->[ipropyloxy]ipropyloxy=>CH3+acetaldehyde-->[acetaldehyde]acetaldehyde+HO2=>acetyl+H2O2-->[acetyl]acetyl(+M)=>CH3+CO(+M)-->[CH3]CH3OO+HO2=>CH3OOH+O2-->[CH3OOH]CH3OOH=>CH3O+OH-->[CH3O],
[ipropylooh]ipropylooh=>ipropyloxy+OH-->[ipropyloxy]ipropyloxy=>CH3+acetaldehyde-->[CH3]CH3OO+C3H8=>CH3OOH+ipropyl-->[ipropyl]ipropyloo=>HO2+C3H6-->[C3H6]HO2+C3H6=>QOOH_3-->[QOOH_3]QOOH_3=>OH+propoxide-->[propoxide],
[ipropylooh]ipropylooh=>ipropyloxy+OH-->[ipropyloxy]ipropyloxy=>CH3+acetaldehyde-->[acetaldehyde]acetaldehyde+HO2=>acetyl+H2O2-->[acetyl]acetyl(+M)=>CH3+CO(+M)-->[CH3]acrolein+CH3OO=>CH2CHCO+CH3OOH-->[CH3OOH]CH3OOH=>CH3O+OH-->[CH3O],
[ipropylooh]ipropylooh=>ipropyloxy+OH-->[ipropyloxy]ipropyloxy=>CH3+acetaldehyde-->[CH3]CH3OO+C3H8=>CH3OOH+ipropyl-->[ipropyl]ipropyloo+C3H8=>ipropylooh+ipropyl-->[ipropylooh]ipropylooh=>ipropyloxy+OH-->[ipropyloxy]ipropyloxy=>CH3+acetaldehyde-->[CH3]CH3OO+C3H8=>CH3OOH+npropyl-->[CH3OOH]CH3OOH=>CH3O+OH-->[CH3O],
[ipropylooh]ipropylooh=>ipropyloxy+OH-->[ipropyloxy]ipropyloxy=>CH3+acetaldehyde-->[acetaldehyde]CH3OO+acetaldehyde=>CH3OOH+acetyl-->[acetyl]C3H8+acetylperoxy=>ipropyl+CH3CO3H-->[CH3CO3H]CH3CO3H=>acetyloxy+OH-->[acetyloxy],
[ipropylooh]ipropylooh=>ipropyloxy+OH-->[ipropyloxy]ipropyloxy=>CH3+acetaldehyde-->[acetaldehyde]acetaldehyde+HO2=>acetyl+H2O2-->[acetyl]acetyl(+M)=>CH3+CO(+M)-->[CH3]CH3OO+HO2=>CH3OOH+O2-->[CH3OOH]CH3OOH=>CH3O+OH-->[CH3O]CH3O+M=>CH2O+H+M-->[CH2O]CH3OO+CH2O=>CH3OOH+HCO-->[CH3OOH]CH3OOH=>CH3O+OH-->[CH3O],
[ipropylooh]ipropylooh=>ipropyloxy+OH-->[ipropyloxy]ipropyloxy=>CH3+acetaldehyde-->[acetaldehyde]CH3OO+acetaldehyde=>CH3OOH+acetyl-->[acetyl]acetyl(+M)=>CH3+CO(+M)-->[CH3]CH3OO+C3H8=>CH3OOH+ipropyl-->[CH3OOH]CH3OOH=>CH3O+OH-->[CH3O],
[ipropylooh]ipropylooh=>ipropyloxy+OH-->[ipropyloxy]ipropyloxy=>CH3+acetaldehyde-->[CH3]CH3OO+C3H8=>CH3OOH+ipropyl-->[ipropyl]ipropyloo=>HO2+C3H6-->[C3H6]C3H6+OH=>allyl+H2O-->[allyl]ipropyloo+allyl=>ipropyloxy+allyloxy-->[ipropyloxy]ipropyloxy=>CH3+acetaldehyde-->[CH3]CH3OO+HO2=>CH3OOH+O2-->[CH3OOH]CH3OOH=>CH3O+OH-->[CH3O],
[ipropylooh]ipropylooh=>ipropyloxy+OH-->[ipropyloxy]ipropyloxy=>CH3+acetaldehyde-->[CH3]CH3OO+C3H8=>CH3OOH+ipropyl-->[CH3OOH]CH3OOH=>CH3O+OH-->[CH3O]CH3O+O2=>CH2O+HO2-->[CH2O]CH2O+formylperoxy=>HCO+formylooh-->[formylooh]formylooh=>formyloxy+OH-->[formyloxy],
[ipropylooh]ipropylooh=>ipropyloxy+OH-->[ipropyloxy]ipropyloxy=>CH3+acetaldehyde-->[acetaldehyde]CH3OO+acetaldehyde=>CH3OOH+acetyl-->[acetyl]acetaldehyde+acetylperoxy=>acetyl+CH3CO3H-->[CH3CO3H]CH3CO3H=>acetyloxy+OH-->[acetyloxy],
[ipropylooh]ipropylooh=>ipropyloxy+OH-->[ipropyloxy]ipropyloxy=>CH3+acetaldehyde-->[acetaldehyde]acetaldehyde+HO2=>acetyl+H2O2-->[acetyl]H2O2+acetylperoxy=>HO2+CH3CO3H-->[CH3CO3H]CH3CO3H=>acetyloxy+OH-->[acetyloxy]acetyloxy+M=>CH3+CO2+M-->[CH3]CH3OO+CH2O=>CH3OOH+HCO-->[CH3OOH]CH3OOH=>CH3O+OH-->[CH3O],
[ipropylooh]ipropylooh=>ipropyloxy+OH-->[ipropyloxy]ipropyloxy=>CH3+acetaldehyde-->[acetaldehyde]CH3OO+acetaldehyde=>CH3OOH+acetyl-->[acetyl]H2O2+acetylperoxy=>HO2+CH3CO3H-->[CH3CO3H]CH3CO3H=>acetyloxy+OH-->[acetyloxy]acetyloxy+M=>CH3+CO2+M-->[CH3]CH3OO+HO2=>CH3OOH+O2-->[CH3OOH]CH3OOH=>CH3O+OH-->[CH3O],
[ipropylooh]ipropylooh=>ipropyloxy+OH-->[ipropyloxy]ipropyloxy=>CH3+acetaldehyde-->[acetaldehyde]acetaldehyde+HO2=>acetyl+H2O2-->[acetyl]npropyloo+acetylperoxy=>npropyloxy+acetyloxy+O2-->[acetyloxy]acetyloxy+M=>CH3+CO2+M-->[CH3]CH3OO+HO2=>CH3OOH+O2-->[CH3OOH]CH3OOH=>CH3O+OH-->[CH3O],
[ipropylooh]ipropylooh=>ipropyloxy+OH-->[ipropyloxy]ipropyloxy=>CH3+acetaldehyde-->[acetaldehyde]acetaldehyde+OH=>acetyl+H2O-->[acetyl]acetylperoxy+HO2=>CH3CO3H+O2-->[CH3CO3H]CH3CO3H=>acetyloxy+OH-->[acetyloxy],
[ipropylooh]ipropylooh=>ipropyloxy+OH-->[ipropyloxy]ipropyloxy=>CH3+acetaldehyde-->[CH3]CH3OO+C3H8=>CH3OOH+ipropyl-->[ipropyl]ipropyloo+C3H8=>ipropylooh+npropyl-->[ipropylooh]ipropylooh=>ipropyloxy+OH-->[ipropyloxy]ipropyloxy=>CH3+acetaldehyde-->[CH3]CH3OO+C3H8=>CH3OOH+ipropyl-->[CH3OOH]CH3OOH=>CH3O+OH-->[CH3O],
[ipropylooh]ipropylooh=>ipropyloxy+OH-->[ipropyloxy]ipropyloxy=>CH3+acetaldehyde-->[CH3]CH3OO+C3H8=>CH3OOH+ipropyl-->[ipropyl]O2+ipropyl=>HO2+C3H6-->[C3H6]C3H6+HO2=>allyl+H2O2-->[allyl]allyl+HO2=>allyloxy+OH-->[allyloxy],
[ipropylooh]ipropylooh=>ipropyloxy+OH-->[ipropyloxy]ipropyloxy=>CH3+acetaldehyde-->[acetaldehyde]acetaldehyde+HO2=>acetyl+H2O2-->[acetyl]acetyl(+M)=>CH3+CO(+M)-->[CH3]CH3OO+HO2=>CH3OOH+O2-->[CH3OOH]CH3OOH=>CH3O+OH-->[CH3O]CH3O+O2=>CH2O+HO2-->[CH2O]CH3OO+CH2O=>CH3OOH+HCO-->[CH3OOH]CH3OOH=>CH3O+OH-->[CH3O],
